#
# There is insufficient memory for the Java Runtime Environment to continue.
# Native memory allocation (malloc) failed to allocate 2224656 bytes. Error detail: Chunk::new
# Possible reasons:
#   The system is out of physical RAM or swap space
#   This process is running with CompressedOops enabled, and the Java Heap may be blocking the growth of the native heap
# Possible solutions:
#   Reduce memory load on the system
#   Increase physical memory or swap space
#   Check if swap backing store is full
#   Decrease Java heap size (-Xmx/-Xms)
#   Decrease number of Java threads
#   Decrease Java thread stack sizes (-Xss)
#   Set larger code cache with -XX:ReservedCodeCacheSize=
#   JVM is running with Unscaled Compressed Oops mode in which the Java heap is
#     placed in the first 4GB address space. The Java Heap base address is the
#     maximum limit for the native heap growth. Please use -XX:HeapBaseMinAddress
#     to set the Java Heap base and to place the Java Heap above 4GB virtual address.
# This output file may be truncated or incomplete.
#
#  Out of Memory Error (arena.cpp:168), pid=14296, tid=38760
#
# JRE version: OpenJDK Runtime Environment (21.0.6) (build 21.0.6+-13355223-b631.42)
# Java VM: OpenJDK 64-Bit Server VM (21.0.6+-13355223-b631.42, mixed mode, tiered, compressed oops, compressed class ptrs, g1 gc, windows-amd64)
# No core dump will be written. Minidumps are not enabled by default on client versions of Windows
#

---------------  S U M M A R Y ------------

Command Line: --add-opens=java.base/java.lang=ALL-UNNAMED --add-opens=java.base/java.lang.invoke=ALL-UNNAMED --add-opens=java.base/java.util=ALL-UNNAMED --add-opens=java.prefs/java.util.prefs=ALL-UNNAMED --add-exports=jdk.compiler/com.sun.tools.javac.api=ALL-UNNAMED --add-exports=jdk.compiler/com.sun.tools.javac.util=ALL-UNNAMED --add-opens=java.base/java.util=ALL-UNNAMED --add-opens=java.prefs/java.util.prefs=ALL-UNNAMED --add-opens=java.base/java.nio.charset=ALL-UNNAMED --add-opens=java.base/java.net=ALL-UNNAMED --add-opens=java.base/java.util.concurrent.atomic=ALL-UNNAMED --add-opens=java.xml/javax.xml.namespace=ALL-UNNAMED -Xmx2048m -Dfile.encoding=UTF-8 -Duser.country=ES -Duser.language=es -Duser.variant -javaagent:C:\Users\agoon\.gradle\wrapper\dists\gradle-8.11.1-bin\bpt9gzteqjrbo1mjrsomdt32c\gradle-8.11.1\lib\agents\gradle-instrumentation-agent-8.11.1.jar org.gradle.launcher.daemon.bootstrap.GradleDaemon 8.11.1

Host: AMD Ryzen 7 5800X 8-Core Processor             , 16 cores, 31G,  Windows 10 , 64 bit Build 19041 (10.0.19041.5198)
Time: Fri May 23 13:03:10 2025 Hora de verano romance elapsed time: 7.652682 seconds (0d 0h 0m 7s)

---------------  T H R E A D  ---------------

Current thread (0x000002bdfafeef80):  JavaThread "C2 CompilerThread3" daemon [_thread_in_native, id=38760, stack(0x000000d964100000,0x000000d964200000) (1024K)]


Current CompileTask:
C2:7652 11237       4       org.gradle.internal.instantiation.generator.AbstractClassGenerator::inspectType (560 bytes)

Stack: [0x000000d964100000,0x000000d964200000]
Native frames: (J=compiled Java code, j=interpreted, Vv=VM code, C=native code)
V  [jvm.dll+0x6d05a9]
V  [jvm.dll+0x85ea73]
V  [jvm.dll+0x860fce]
V  [jvm.dll+0x8616b3]
V  [jvm.dll+0x27e6e6]
V  [jvm.dll+0xbff6d]
V  [jvm.dll+0xc04a3]
V  [jvm.dll+0x3b616b]
V  [jvm.dll+0x1de872]
V  [jvm.dll+0x247dd4]
V  [jvm.dll+0x247251]
V  [jvm.dll+0x1c5f04]
V  [jvm.dll+0x2569ac]
V  [jvm.dll+0x254ef6]
V  [jvm.dll+0x3f0e56]
V  [jvm.dll+0x806e48]
V  [jvm.dll+0x6cee7d]
C  [ucrtbase.dll+0x21bb2]
C  [KERNEL32.DLL+0x17374]
C  [ntdll.dll+0x4cc91]


---------------  P R O C E S S  ---------------

Threads class SMR info:
_java_thread_list=0x000002bdfae431e0, length=92, elements={
0x000002bdd7543480, 0x000002bdef9f7560, 0x000002bdef9f8270, 0x000002bdefa192e0,
0x000002bdefa02100, 0x000002bdefa02b50, 0x000002bdefa035a0, 0x000002bdefa07820,
0x000002bdefa0c8e0, 0x000002bdef7b10d0, 0x000002bdf403c530, 0x000002bdefbb7bf0,
0x000002bdf41a7a00, 0x000002bdf4d8e240, 0x000002bdf5fe77d0, 0x000002bdf5e1af20,
0x000002bdf5e30d00, 0x000002bdf63295e0, 0x000002bdf632cc70, 0x000002bdf6358e20,
0x000002bdf634de80, 0x000002bdf634e4e0, 0x000002bdf6346eb0, 0x000002bdf5daaed0,
0x000002bdf5dab560, 0x000002bdf5dad630, 0x000002bdf5daa1b0, 0x000002bdf5dabbf0,
0x000002bdf5daa840, 0x000002bdf5dac280, 0x000002bdf5dacfa0, 0x000002bdf5dac910,
0x000002bdf90c5e10, 0x000002bdf90ca640, 0x000002bdf90cacd0, 0x000002bdf90c9920,
0x000002bdf90c71c0, 0x000002bdf90c43d0, 0x000002bdfafed440, 0x000002bdf90c6b30,
0x000002bdf90c5780, 0x000002bdf90c8570, 0x000002bdf90c64a0, 0x000002bdf90c7ee0,
0x000002bdf90cb9f0, 0x000002bdf90c9fb0, 0x000002bdf90c7850, 0x000002bdf90c4a60,
0x000002bdf90c50f0, 0x000002bdf88dda30, 0x000002bdf88dd3a0, 0x000002bdf88de0c0,
0x000002bdf88dc680, 0x000002bdf88dbff0, 0x000002bdf88dede0, 0x000002bdf88e1bd0,
0x000002bdf88dfb00, 0x000002bdf88df470, 0x000002bdf88de750, 0x000002bdf88e1540,
0x000002bdf88e0190, 0x000002bdf88e0820, 0x000002bdf88dcd10, 0x000002bdf88e3610,
0x000002bdf88e2260, 0x000002bdf88e28f0, 0x000002bdf88e0eb0, 0x000002bdf88e2f80,
0x000002bdfafd5240, 0x000002bdfafd58d0, 0x000002bdfafda790, 0x000002bdfafd5f60,
0x000002bdfafd65f0, 0x000002bdfafd6c80, 0x000002bdfafd7310, 0x000002bdfafd3800,
0x000002bdfafd8d50, 0x000002bdfafd79a0, 0x000002bdfafd93e0, 0x000002bdfafd4bb0,
0x000002bdfafd8030, 0x000002bdfafd9a70, 0x000002bdfafda100, 0x000002bdfafd4520,
0x000002bdfafdae20, 0x000002bdf583ee20, 0x000002bdf583e790, 0x000002bdf583b9a0,
0x000002bdfafecd70, 0x000002bdfafeef80, 0x000002bdf583c030, 0x000002bdf583cd50
}

Java Threads: ( => current thread )
  0x000002bdd7543480 JavaThread "main"                              [_thread_blocked, id=11388, stack(0x000000d95d200000,0x000000d95d300000) (1024K)]
  0x000002bdef9f7560 JavaThread "Reference Handler"          daemon [_thread_blocked, id=38328, stack(0x000000d95da00000,0x000000d95db00000) (1024K)]
  0x000002bdef9f8270 JavaThread "Finalizer"                  daemon [_thread_blocked, id=5460, stack(0x000000d95db00000,0x000000d95dc00000) (1024K)]
  0x000002bdefa192e0 JavaThread "Signal Dispatcher"          daemon [_thread_blocked, id=30444, stack(0x000000d95dc00000,0x000000d95dd00000) (1024K)]
  0x000002bdefa02100 JavaThread "Attach Listener"            daemon [_thread_blocked, id=36720, stack(0x000000d95dd00000,0x000000d95de00000) (1024K)]
  0x000002bdefa02b50 JavaThread "Service Thread"             daemon [_thread_blocked, id=37492, stack(0x000000d95de00000,0x000000d95df00000) (1024K)]
  0x000002bdefa035a0 JavaThread "Monitor Deflation Thread"   daemon [_thread_blocked, id=39916, stack(0x000000d95df00000,0x000000d95e000000) (1024K)]
  0x000002bdefa07820 JavaThread "C2 CompilerThread0"         daemon [_thread_blocked, id=39176, stack(0x000000d95e000000,0x000000d95e100000) (1024K)]
  0x000002bdefa0c8e0 JavaThread "C1 CompilerThread0"         daemon [_thread_blocked, id=38624, stack(0x000000d95e100000,0x000000d95e200000) (1024K)]
  0x000002bdef7b10d0 JavaThread "Common-Cleaner"             daemon [_thread_blocked, id=40088, stack(0x000000d95e200000,0x000000d95e300000) (1024K)]
  0x000002bdf403c530 JavaThread "C1 CompilerThread1"         daemon [_thread_blocked, id=40560, stack(0x000000d95e300000,0x000000d95e400000) (1024K)]
  0x000002bdefbb7bf0 JavaThread "C1 CompilerThread2"         daemon [_thread_blocked, id=35492, stack(0x000000d95e400000,0x000000d95e500000) (1024K)]
  0x000002bdf41a7a00 JavaThread "Notification Thread"        daemon [_thread_blocked, id=14072, stack(0x000000d95e500000,0x000000d95e600000) (1024K)]
  0x000002bdf4d8e240 JavaThread "C1 CompilerThread3"         daemon [_thread_blocked, id=37320, stack(0x000000d95f400000,0x000000d95f500000) (1024K)]
  0x000002bdf5fe77d0 JavaThread "Daemon health stats"               [_thread_blocked, id=27024, stack(0x000000d95e800000,0x000000d95e900000) (1024K)]
  0x000002bdf5e1af20 JavaThread "Incoming local TCP Connector on port 13704"        [_thread_in_native, id=32136, stack(0x000000d95f500000,0x000000d95f600000) (1024K)]
  0x000002bdf5e30d00 JavaThread "Daemon periodic checks"            [_thread_blocked, id=37780, stack(0x000000d95f600000,0x000000d95f700000) (1024K)]
  0x000002bdf63295e0 JavaThread "Daemon"                            [_thread_blocked, id=10604, stack(0x000000d95f700000,0x000000d95f800000) (1024K)]
  0x000002bdf632cc70 JavaThread "Handler for socket connection from /127.0.0.1:13704 to /127.0.0.1:13705"        [_thread_in_native, id=32704, stack(0x000000d95f800000,0x000000d95f900000) (1024K)]
  0x000002bdf6358e20 JavaThread "Cancel handler"                    [_thread_blocked, id=39032, stack(0x000000d95f900000,0x000000d95fa00000) (1024K)]
  0x000002bdf634de80 JavaThread "Daemon worker"                     [_thread_in_native, id=23068, stack(0x000000d95fa00000,0x000000d95fb00000) (1024K)]
  0x000002bdf634e4e0 JavaThread "Asynchronous log dispatcher for DefaultDaemonConnection: socket connection from /127.0.0.1:13704 to /127.0.0.1:13705"        [_thread_blocked, id=24872, stack(0x000000d95fb00000,0x000000d95fc00000) (1024K)]
  0x000002bdf6346eb0 JavaThread "Stdin handler"                     [_thread_blocked, id=39600, stack(0x000000d95fc00000,0x000000d95fd00000) (1024K)]
  0x000002bdf5daaed0 JavaThread "Daemon client event forwarder"        [_thread_blocked, id=36888, stack(0x000000d95fd00000,0x000000d95fe00000) (1024K)]
  0x000002bdf5dab560 JavaThread "Cache worker for journal cache (C:\Users\agoon\.gradle\caches\journal-1)"        [_thread_blocked, id=35068, stack(0x000000d960100000,0x000000d960200000) (1024K)]
  0x000002bdf5dad630 JavaThread "File lock request listener"        [_thread_in_native, id=27960, stack(0x000000d960200000,0x000000d960300000) (1024K)]
  0x000002bdf5daa1b0 JavaThread "Cache worker for file hash cache (C:\Users\agoon\.gradle\caches\8.11.1\fileHashes)"        [_thread_blocked, id=36120, stack(0x000000d960300000,0x000000d960400000) (1024K)]
  0x000002bdf5dabbf0 JavaThread "Cache worker for file content cache (C:\Users\agoon\.gradle\caches\8.11.1\fileContent)"        [_thread_blocked, id=31024, stack(0x000000d960400000,0x000000d960500000) (1024K)]
  0x000002bdf5daa840 JavaThread "Cache worker for file hash cache (D:\Users\agoon\StudioProjects\Android-CameraX-Video-Record\.gradle\8.11.1\fileHashes)"        [_thread_blocked, id=22944, stack(0x000000d960600000,0x000000d960700000) (1024K)]
  0x000002bdf5dac280 JavaThread "Cache worker for Build Output Cleanup Cache (D:\Users\agoon\StudioProjects\Android-CameraX-Video-Record\.gradle\buildOutputCleanup)"        [_thread_blocked, id=28664, stack(0x000000d960700000,0x000000d960800000) (1024K)]
  0x000002bdf5dacfa0 JavaThread "File watcher server"        daemon [_thread_in_native, id=36064, stack(0x000000d960800000,0x000000d960900000) (1024K)]
  0x000002bdf5dac910 JavaThread "File watcher consumer"      daemon [_thread_blocked, id=22728, stack(0x000000d960900000,0x000000d960a00000) (1024K)]
  0x000002bdf90c5e10 JavaThread "Cache worker for checksums cache (D:\Users\agoon\StudioProjects\Android-CameraX-Video-Record\.gradle\8.11.1\checksums)"        [_thread_blocked, id=40440, stack(0x000000d960a00000,0x000000d960b00000) (1024K)]
  0x000002bdf90ca640 JavaThread "Cache worker for cache directory md-rule (C:\Users\agoon\.gradle\caches\8.11.1\md-rule)"        [_thread_blocked, id=24384, stack(0x000000d960b00000,0x000000d960c00000) (1024K)]
  0x000002bdf90cacd0 JavaThread "Cache worker for cache directory md-supplier (C:\Users\agoon\.gradle\caches\8.11.1\md-supplier)"        [_thread_blocked, id=36468, stack(0x000000d960c00000,0x000000d960d00000) (1024K)]
  0x000002bdf90c9920 JavaThread "jar transforms"                    [_thread_blocked, id=31912, stack(0x000000d960f00000,0x000000d961000000) (1024K)]
  0x000002bdf90c71c0 JavaThread "jar transforms Thread 2"           [_thread_blocked, id=36188, stack(0x000000d961000000,0x000000d961100000) (1024K)]
  0x000002bdf90c43d0 JavaThread "jar transforms Thread 3"           [_thread_blocked, id=37044, stack(0x000000d961100000,0x000000d961200000) (1024K)]
  0x000002bdfafed440 JavaThread "C2 CompilerThread1"         daemon [_thread_blocked, id=31576, stack(0x000000d95e600000,0x000000d95e700000) (1024K)]
  0x000002bdf90c6b30 JavaThread "Unconstrained build operations"        [_thread_blocked, id=35488, stack(0x000000d95e700000,0x000000d95e800000) (1024K)]
  0x000002bdf90c5780 JavaThread "Unconstrained build operations Thread 2"        [_thread_blocked, id=38260, stack(0x000000d960500000,0x000000d960600000) (1024K)]
  0x000002bdf90c8570 JavaThread "Unconstrained build operations Thread 3"        [_thread_blocked, id=32968, stack(0x000000d960d00000,0x000000d960e00000) (1024K)]
  0x000002bdf90c64a0 JavaThread "Unconstrained build operations Thread 4"        [_thread_blocked, id=35428, stack(0x000000d960e00000,0x000000d960f00000) (1024K)]
  0x000002bdf90c7ee0 JavaThread "Unconstrained build operations Thread 5"        [_thread_blocked, id=23852, stack(0x000000d961300000,0x000000d961400000) (1024K)]
  0x000002bdf90cb9f0 JavaThread "Unconstrained build operations Thread 6"        [_thread_blocked, id=36140, stack(0x000000d961400000,0x000000d961500000) (1024K)]
  0x000002bdf90c9fb0 JavaThread "Unconstrained build operations Thread 7"        [_thread_blocked, id=10216, stack(0x000000d961500000,0x000000d961600000) (1024K)]
  0x000002bdf90c7850 JavaThread "Unconstrained build operations Thread 8"        [_thread_blocked, id=39792, stack(0x000000d961600000,0x000000d961700000) (1024K)]
  0x000002bdf90c4a60 JavaThread "Unconstrained build operations Thread 9"        [_thread_blocked, id=39092, stack(0x000000d961700000,0x000000d961800000) (1024K)]
  0x000002bdf90c50f0 JavaThread "Unconstrained build operations Thread 10"        [_thread_blocked, id=37556, stack(0x000000d961800000,0x000000d961900000) (1024K)]
  0x000002bdf88dda30 JavaThread "Unconstrained build operations Thread 11"        [_thread_blocked, id=35544, stack(0x000000d961900000,0x000000d961a00000) (1024K)]
  0x000002bdf88dd3a0 JavaThread "Unconstrained build operations Thread 12"        [_thread_blocked, id=1768, stack(0x000000d961a00000,0x000000d961b00000) (1024K)]
  0x000002bdf88de0c0 JavaThread "Unconstrained build operations Thread 13"        [_thread_blocked, id=31768, stack(0x000000d961b00000,0x000000d961c00000) (1024K)]
  0x000002bdf88dc680 JavaThread "Unconstrained build operations Thread 14"        [_thread_blocked, id=37068, stack(0x000000d961c00000,0x000000d961d00000) (1024K)]
  0x000002bdf88dbff0 JavaThread "Unconstrained build operations Thread 15"        [_thread_blocked, id=20712, stack(0x000000d961d00000,0x000000d961e00000) (1024K)]
  0x000002bdf88dede0 JavaThread "Unconstrained build operations Thread 16"        [_thread_blocked, id=38732, stack(0x000000d961f00000,0x000000d962000000) (1024K)]
  0x000002bdf88e1bd0 JavaThread "Unconstrained build operations Thread 17"        [_thread_blocked, id=29648, stack(0x000000d962000000,0x000000d962100000) (1024K)]
  0x000002bdf88dfb00 JavaThread "Unconstrained build operations Thread 18"        [_thread_blocked, id=40836, stack(0x000000d962100000,0x000000d962200000) (1024K)]
  0x000002bdf88df470 JavaThread "Unconstrained build operations Thread 19"        [_thread_blocked, id=40028, stack(0x000000d962200000,0x000000d962300000) (1024K)]
  0x000002bdf88de750 JavaThread "Unconstrained build operations Thread 20"        [_thread_blocked, id=38052, stack(0x000000d962300000,0x000000d962400000) (1024K)]
  0x000002bdf88e1540 JavaThread "Unconstrained build operations Thread 21"        [_thread_blocked, id=38920, stack(0x000000d962400000,0x000000d962500000) (1024K)]
  0x000002bdf88e0190 JavaThread "Unconstrained build operations Thread 22"        [_thread_blocked, id=38244, stack(0x000000d962500000,0x000000d962600000) (1024K)]
  0x000002bdf88e0820 JavaThread "Unconstrained build operations Thread 23"        [_thread_blocked, id=12492, stack(0x000000d962600000,0x000000d962700000) (1024K)]
  0x000002bdf88dcd10 JavaThread "Unconstrained build operations Thread 24"        [_thread_blocked, id=29948, stack(0x000000d962700000,0x000000d962800000) (1024K)]
  0x000002bdf88e3610 JavaThread "Unconstrained build operations Thread 25"        [_thread_blocked, id=25532, stack(0x000000d962800000,0x000000d962900000) (1024K)]
  0x000002bdf88e2260 JavaThread "Unconstrained build operations Thread 26"        [_thread_blocked, id=30864, stack(0x000000d962900000,0x000000d962a00000) (1024K)]
  0x000002bdf88e28f0 JavaThread "Unconstrained build operations Thread 27"        [_thread_blocked, id=31808, stack(0x000000d962a00000,0x000000d962b00000) (1024K)]
  0x000002bdf88e0eb0 JavaThread "Unconstrained build operations Thread 28"        [_thread_blocked, id=5032, stack(0x000000d962b00000,0x000000d962c00000) (1024K)]
  0x000002bdf88e2f80 JavaThread "Unconstrained build operations Thread 29"        [_thread_blocked, id=39292, stack(0x000000d962c00000,0x000000d962d00000) (1024K)]
  0x000002bdfafd5240 JavaThread "Unconstrained build operations Thread 30"        [_thread_blocked, id=40032, stack(0x000000d962d00000,0x000000d962e00000) (1024K)]
  0x000002bdfafd58d0 JavaThread "Unconstrained build operations Thread 31"        [_thread_blocked, id=26832, stack(0x000000d962f00000,0x000000d963000000) (1024K)]
  0x000002bdfafda790 JavaThread "Unconstrained build operations Thread 32"        [_thread_blocked, id=34136, stack(0x000000d963000000,0x000000d963100000) (1024K)]
  0x000002bdfafd5f60 JavaThread "Unconstrained build operations Thread 33"        [_thread_blocked, id=14188, stack(0x000000d963100000,0x000000d963200000) (1024K)]
  0x000002bdfafd65f0 JavaThread "Unconstrained build operations Thread 34"        [_thread_blocked, id=37880, stack(0x000000d963200000,0x000000d963300000) (1024K)]
  0x000002bdfafd6c80 JavaThread "Unconstrained build operations Thread 35"        [_thread_blocked, id=23840, stack(0x000000d963300000,0x000000d963400000) (1024K)]
  0x000002bdfafd7310 JavaThread "Unconstrained build operations Thread 36"        [_thread_blocked, id=31608, stack(0x000000d963400000,0x000000d963500000) (1024K)]
  0x000002bdfafd3800 JavaThread "Unconstrained build operations Thread 37"        [_thread_blocked, id=40676, stack(0x000000d963500000,0x000000d963600000) (1024K)]
  0x000002bdfafd8d50 JavaThread "Unconstrained build operations Thread 38"        [_thread_blocked, id=26628, stack(0x000000d963600000,0x000000d963700000) (1024K)]
  0x000002bdfafd79a0 JavaThread "Unconstrained build operations Thread 39"        [_thread_blocked, id=35900, stack(0x000000d963700000,0x000000d963800000) (1024K)]
  0x000002bdfafd93e0 JavaThread "Unconstrained build operations Thread 40"        [_thread_blocked, id=8292, stack(0x000000d963800000,0x000000d963900000) (1024K)]
  0x000002bdfafd4bb0 JavaThread "Unconstrained build operations Thread 41"        [_thread_blocked, id=33020, stack(0x000000d963900000,0x000000d963a00000) (1024K)]
  0x000002bdfafd8030 JavaThread "Unconstrained build operations Thread 42"        [_thread_blocked, id=32832, stack(0x000000d963a00000,0x000000d963b00000) (1024K)]
  0x000002bdfafd9a70 JavaThread "Unconstrained build operations Thread 43"        [_thread_blocked, id=14368, stack(0x000000d963b00000,0x000000d963c00000) (1024K)]
  0x000002bdfafda100 JavaThread "Unconstrained build operations Thread 44"        [_thread_blocked, id=40956, stack(0x000000d963c00000,0x000000d963d00000) (1024K)]
  0x000002bdfafd4520 JavaThread "Unconstrained build operations Thread 45"        [_thread_blocked, id=37540, stack(0x000000d963d00000,0x000000d963e00000) (1024K)]
  0x000002bdfafdae20 JavaThread "jar transforms Thread 4"           [_thread_blocked, id=4260, stack(0x000000d963f00000,0x000000d964000000) (1024K)]
  0x000002bdf583ee20 JavaThread "jar transforms Thread 5"           [_thread_blocked, id=23508, stack(0x000000d964000000,0x000000d964100000) (1024K)]
  0x000002bdf583e790 JavaThread "build event listener"              [_thread_blocked, id=33888, stack(0x000000d962e00000,0x000000d962f00000) (1024K)]
  0x000002bdf583b9a0 JavaThread "Memory manager"                    [_thread_blocked, id=34064, stack(0x000000d961e00000,0x000000d961f00000) (1024K)]
  0x000002bdfafecd70 JavaThread "C2 CompilerThread2"         daemon [_thread_blocked, id=33776, stack(0x000000d963e00000,0x000000d963f00000) (1024K)]
=>0x000002bdfafeef80 JavaThread "C2 CompilerThread3"         daemon [_thread_in_native, id=38760, stack(0x000000d964100000,0x000000d964200000) (1024K)]
  0x000002bdf583c030 JavaThread "Problems report writer"            [_thread_blocked, id=32400, stack(0x000000d964200000,0x000000d964300000) (1024K)]
  0x000002bdf583cd50 JavaThread "jar transforms Thread 6"           [_thread_blocked, id=18728, stack(0x000000d964300000,0x000000d964400000) (1024K)]
Total: 92

Other Threads:
  0x000002bdef9684c0 VMThread "VM Thread"                           [id=28256, stack(0x000000d95d900000,0x000000d95da00000) (1024K)]
  0x000002bdef7b03f0 WatcherThread "VM Periodic Task Thread"        [id=34620, stack(0x000000d95d800000,0x000000d95d900000) (1024K)]
  0x000002bdd7598f40 WorkerThread "GC Thread#0"                     [id=29412, stack(0x000000d95d300000,0x000000d95d400000) (1024K)]
  0x000002bdf42d3ca0 WorkerThread "GC Thread#1"                     [id=37344, stack(0x000000d95e900000,0x000000d95ea00000) (1024K)]
  0x000002bdf442d570 WorkerThread "GC Thread#2"                     [id=11012, stack(0x000000d95ea00000,0x000000d95eb00000) (1024K)]
  0x000002bdf4815030 WorkerThread "GC Thread#3"                     [id=39048, stack(0x000000d95eb00000,0x000000d95ec00000) (1024K)]
  0x000002bdf48153d0 WorkerThread "GC Thread#4"                     [id=37004, stack(0x000000d95ec00000,0x000000d95ed00000) (1024K)]
  0x000002bdf4844040 WorkerThread "GC Thread#5"                     [id=21156, stack(0x000000d95ed00000,0x000000d95ee00000) (1024K)]
  0x000002bdf48443e0 WorkerThread "GC Thread#6"                     [id=5232, stack(0x000000d95ee00000,0x000000d95ef00000) (1024K)]
  0x000002bdf45b41b0 WorkerThread "GC Thread#7"                     [id=40748, stack(0x000000d95ef00000,0x000000d95f000000) (1024K)]
  0x000002bdf463b020 WorkerThread "GC Thread#8"                     [id=30280, stack(0x000000d95f000000,0x000000d95f100000) (1024K)]
  0x000002bdf43f2180 WorkerThread "GC Thread#9"                     [id=36208, stack(0x000000d95f100000,0x000000d95f200000) (1024K)]
  0x000002bdf43f2520 WorkerThread "GC Thread#10"                    [id=34964, stack(0x000000d95f200000,0x000000d95f300000) (1024K)]
  0x000002bdf459a5a0 WorkerThread "GC Thread#11"                    [id=36344, stack(0x000000d95f300000,0x000000d95f400000) (1024K)]
  0x000002bdf459bb60 WorkerThread "GC Thread#12"                    [id=3528, stack(0x000000d95fe00000,0x000000d95ff00000) (1024K)]
  0x000002bdd75a9fa0 ConcurrentGCThread "G1 Main Marker"            [id=22836, stack(0x000000d95d400000,0x000000d95d500000) (1024K)]
  0x000002bdd75ad570 WorkerThread "G1 Conc#0"                       [id=38344, stack(0x000000d95d500000,0x000000d95d600000) (1024K)]
  0x000002bdf459a940 WorkerThread "G1 Conc#1"                       [id=31700, stack(0x000000d95ff00000,0x000000d960000000) (1024K)]
  0x000002bdf459b080 WorkerThread "G1 Conc#2"                       [id=30068, stack(0x000000d960000000,0x000000d960100000) (1024K)]
  0x000002bdef780040 ConcurrentGCThread "G1 Refine#0"               [id=38836, stack(0x000000d95d600000,0x000000d95d700000) (1024K)]
  0x000002bdef7829d0 ConcurrentGCThread "G1 Service"                [id=38048, stack(0x000000d95d700000,0x000000d95d800000) (1024K)]
Total: 21

Threads with active compile tasks:
C2 CompilerThread3  7671 11237       4       org.gradle.internal.instantiation.generator.AbstractClassGenerator::inspectType (560 bytes)
Total: 1

VM state: not at safepoint (normal execution)

VM Mutex/Monitor currently owned by a thread: None

Heap address: 0x0000000080000000, size: 2048 MB, Compressed Oops mode: 32-bit

CDS archive(s) not mapped
Compressed class space mapped at: 0x0000000100000000-0x0000000140000000, reserved size: 1073741824
Narrow klass base: 0x0000000000000000, Narrow klass shift: 3, Narrow klass range: 0x140000000

GC Precious Log:
 CardTable entry size: 512
 Card Set container configuration: InlinePtr #cards 5 size 8 Array Of Cards #cards 12 size 40 Howl #buckets 4 coarsen threshold 1843 Howl Bitmap #cards 512 size 80 coarsen threshold 460 Card regions per heap region 1 cards per card region 2048
 CPUs: 16 total, 16 available
 Memory: 32679M
 Large Page Support: Disabled
 NUMA Support: Disabled
 Compressed Oops: Enabled (32-bit)
 Heap Region Size: 1M
 Heap Min Capacity: 8M
 Heap Initial Capacity: 512M
 Heap Max Capacity: 2G
 Pre-touch: Disabled
 Parallel Workers: 13
 Concurrent Workers: 3
 Concurrent Refinement Workers: 13
 Periodic GC: Disabled

Heap:
 garbage-first heap   total 193536K, used 128172K [0x0000000080000000, 0x0000000100000000)
  region size 1024K, 33 young (33792K), 3 survivors (3072K)
 Metaspace       used 94484K, committed 96320K, reserved 1179648K
  class space    used 12511K, committed 13440K, reserved 1048576K

Heap Regions: E=young(eden), S=young(survivor), O=old, HS=humongous(starts), HC=humongous(continues), CS=collection set, F=free, TAMS=top-at-mark-start, PB=parsable bottom
|   0|0x0000000080000000, 0x0000000080100000, 0x0000000080100000|100%|HS|  |TAMS 0x0000000080000000| PB 0x0000000080000000| Complete 
|   1|0x0000000080100000, 0x0000000080200000, 0x0000000080200000|100%|HC|  |TAMS 0x0000000080100000| PB 0x0000000080100000| Complete 
|   2|0x0000000080200000, 0x0000000080300000, 0x0000000080300000|100%|HC|  |TAMS 0x0000000080200000| PB 0x0000000080200000| Complete 
|   3|0x0000000080300000, 0x0000000080400000, 0x0000000080400000|100%| O|  |TAMS 0x0000000080300000| PB 0x0000000080300000| Untracked 
|   4|0x0000000080400000, 0x0000000080500000, 0x0000000080500000|100%| O|  |TAMS 0x0000000080400000| PB 0x0000000080400000| Untracked 
|   5|0x0000000080500000, 0x0000000080600000, 0x0000000080600000|100%| O|  |TAMS 0x0000000080500000| PB 0x0000000080500000| Untracked 
|   6|0x0000000080600000, 0x0000000080700000, 0x0000000080700000|100%| O|  |TAMS 0x0000000080600000| PB 0x0000000080600000| Untracked 
|   7|0x0000000080700000, 0x0000000080800000, 0x0000000080800000|100%|HS|  |TAMS 0x0000000080700000| PB 0x0000000080700000| Complete 
|   8|0x0000000080800000, 0x0000000080900000, 0x0000000080900000|100%| O|  |TAMS 0x0000000080800000| PB 0x0000000080800000| Untracked 
|   9|0x0000000080900000, 0x0000000080a00000, 0x0000000080a00000|100%| O|  |TAMS 0x0000000080900000| PB 0x0000000080900000| Untracked 
|  10|0x0000000080a00000, 0x0000000080b00000, 0x0000000080b00000|100%| O|  |TAMS 0x0000000080a00000| PB 0x0000000080a00000| Untracked 
|  11|0x0000000080b00000, 0x0000000080c00000, 0x0000000080c00000|100%| O|  |TAMS 0x0000000080b00000| PB 0x0000000080b00000| Untracked 
|  12|0x0000000080c00000, 0x0000000080d00000, 0x0000000080d00000|100%| O|  |TAMS 0x0000000080c00000| PB 0x0000000080c00000| Untracked 
|  13|0x0000000080d00000, 0x0000000080e00000, 0x0000000080e00000|100%| O|  |TAMS 0x0000000080d00000| PB 0x0000000080d00000| Untracked 
|  14|0x0000000080e00000, 0x0000000080f00000, 0x0000000080f00000|100%| O|  |TAMS 0x0000000080e00000| PB 0x0000000080e00000| Untracked 
|  15|0x0000000080f00000, 0x0000000081000000, 0x0000000081000000|100%| O|  |TAMS 0x0000000080f00000| PB 0x0000000080f00000| Untracked 
|  16|0x0000000081000000, 0x0000000081100000, 0x0000000081100000|100%| O|  |TAMS 0x0000000081000000| PB 0x0000000081000000| Untracked 
|  17|0x0000000081100000, 0x0000000081200000, 0x0000000081200000|100%| O|  |TAMS 0x0000000081100000| PB 0x0000000081100000| Untracked 
|  18|0x0000000081200000, 0x0000000081300000, 0x0000000081300000|100%| O|  |TAMS 0x0000000081200000| PB 0x0000000081200000| Untracked 
|  19|0x0000000081300000, 0x0000000081400000, 0x0000000081400000|100%| O|  |TAMS 0x0000000081300000| PB 0x0000000081300000| Untracked 
|  20|0x0000000081400000, 0x0000000081500000, 0x0000000081500000|100%| O|  |TAMS 0x0000000081400000| PB 0x0000000081400000| Untracked 
|  21|0x0000000081500000, 0x0000000081600000, 0x0000000081600000|100%| O|  |TAMS 0x0000000081500000| PB 0x0000000081500000| Untracked 
|  22|0x0000000081600000, 0x0000000081700000, 0x0000000081700000|100%| O|  |TAMS 0x0000000081600000| PB 0x0000000081600000| Untracked 
|  23|0x0000000081700000, 0x0000000081800000, 0x0000000081800000|100%| O|  |TAMS 0x0000000081700000| PB 0x0000000081700000| Untracked 
|  24|0x0000000081800000, 0x0000000081900000, 0x0000000081900000|100%| O|  |TAMS 0x0000000081800000| PB 0x0000000081800000| Untracked 
|  25|0x0000000081900000, 0x0000000081a00000, 0x0000000081a00000|100%| O|  |TAMS 0x0000000081900000| PB 0x0000000081900000| Untracked 
|  26|0x0000000081a00000, 0x0000000081b00000, 0x0000000081b00000|100%| O|  |TAMS 0x0000000081a00000| PB 0x0000000081a00000| Untracked 
|  27|0x0000000081b00000, 0x0000000081c00000, 0x0000000081c00000|100%| O|  |TAMS 0x0000000081b00000| PB 0x0000000081b00000| Untracked 
|  28|0x0000000081c00000, 0x0000000081d00000, 0x0000000081d00000|100%| O|  |TAMS 0x0000000081c00000| PB 0x0000000081c00000| Untracked 
|  29|0x0000000081d00000, 0x0000000081e00000, 0x0000000081e00000|100%| O|  |TAMS 0x0000000081d00000| PB 0x0000000081d00000| Untracked 
|  30|0x0000000081e00000, 0x0000000081f00000, 0x0000000081f00000|100%| O|  |TAMS 0x0000000081e00000| PB 0x0000000081e00000| Untracked 
|  31|0x0000000081f00000, 0x0000000082000000, 0x0000000082000000|100%| O|  |TAMS 0x0000000081f00000| PB 0x0000000081f00000| Untracked 
|  32|0x0000000082000000, 0x0000000082100000, 0x0000000082100000|100%| O|  |TAMS 0x0000000082000000| PB 0x0000000082000000| Untracked 
|  33|0x0000000082100000, 0x0000000082200000, 0x0000000082200000|100%| O|  |TAMS 0x0000000082100000| PB 0x0000000082100000| Untracked 
|  34|0x0000000082200000, 0x0000000082300000, 0x0000000082300000|100%| O|  |TAMS 0x0000000082200000| PB 0x0000000082200000| Untracked 
|  35|0x0000000082300000, 0x0000000082400000, 0x0000000082400000|100%| O|  |TAMS 0x0000000082300000| PB 0x0000000082300000| Untracked 
|  36|0x0000000082400000, 0x0000000082500000, 0x0000000082500000|100%| O|  |TAMS 0x0000000082400000| PB 0x0000000082400000| Untracked 
|  37|0x0000000082500000, 0x0000000082600000, 0x0000000082600000|100%| O|  |TAMS 0x0000000082500000| PB 0x0000000082500000| Untracked 
|  38|0x0000000082600000, 0x0000000082700000, 0x0000000082700000|100%| O|  |TAMS 0x0000000082600000| PB 0x0000000082600000| Untracked 
|  39|0x0000000082700000, 0x0000000082800000, 0x0000000082800000|100%| O|  |TAMS 0x0000000082700000| PB 0x0000000082700000| Untracked 
|  40|0x0000000082800000, 0x0000000082900000, 0x0000000082900000|100%| O|  |TAMS 0x0000000082800000| PB 0x0000000082800000| Untracked 
|  41|0x0000000082900000, 0x0000000082a00000, 0x0000000082a00000|100%| O|  |TAMS 0x0000000082900000| PB 0x0000000082900000| Untracked 
|  42|0x0000000082a00000, 0x0000000082b00000, 0x0000000082b00000|100%|HS|  |TAMS 0x0000000082a00000| PB 0x0000000082a00000| Complete 
|  43|0x0000000082b00000, 0x0000000082c00000, 0x0000000082c00000|100%|HS|  |TAMS 0x0000000082b00000| PB 0x0000000082b00000| Complete 
|  44|0x0000000082c00000, 0x0000000082d00000, 0x0000000082d00000|100%|HC|  |TAMS 0x0000000082c00000| PB 0x0000000082c00000| Complete 
|  45|0x0000000082d00000, 0x0000000082e00000, 0x0000000082e00000|100%|HS|  |TAMS 0x0000000082d00000| PB 0x0000000082d00000| Complete 
|  46|0x0000000082e00000, 0x0000000082f00000, 0x0000000082f00000|100%|HS|  |TAMS 0x0000000082e00000| PB 0x0000000082e00000| Complete 
|  47|0x0000000082f00000, 0x0000000083000000, 0x0000000083000000|100%|HC|  |TAMS 0x0000000082f00000| PB 0x0000000082f00000| Complete 
|  48|0x0000000083000000, 0x0000000083100000, 0x0000000083100000|100%|HS|  |TAMS 0x0000000083000000| PB 0x0000000083000000| Complete 
|  49|0x0000000083100000, 0x0000000083200000, 0x0000000083200000|100%|HS|  |TAMS 0x0000000083100000| PB 0x0000000083100000| Complete 
|  50|0x0000000083200000, 0x0000000083300000, 0x0000000083300000|100%| O|  |TAMS 0x0000000083200000| PB 0x0000000083200000| Untracked 
|  51|0x0000000083300000, 0x0000000083400000, 0x0000000083400000|100%| O|  |TAMS 0x0000000083300000| PB 0x0000000083300000| Untracked 
|  52|0x0000000083400000, 0x0000000083500000, 0x0000000083500000|100%| O|  |TAMS 0x0000000083400000| PB 0x0000000083400000| Untracked 
|  53|0x0000000083500000, 0x0000000083600000, 0x0000000083600000|100%| O|  |TAMS 0x0000000083500000| PB 0x0000000083500000| Untracked 
|  54|0x0000000083600000, 0x0000000083700000, 0x0000000083700000|100%| O|Cm|TAMS 0x0000000083600000| PB 0x0000000083600000| Complete 
|  55|0x0000000083700000, 0x0000000083800000, 0x0000000083800000|100%|HS|  |TAMS 0x0000000083700000| PB 0x0000000083700000| Complete 
|  56|0x0000000083800000, 0x0000000083900000, 0x0000000083900000|100%|HC|  |TAMS 0x0000000083800000| PB 0x0000000083800000| Complete 
|  57|0x0000000083900000, 0x0000000083a00000, 0x0000000083a00000|100%|HC|  |TAMS 0x0000000083900000| PB 0x0000000083900000| Complete 
|  58|0x0000000083a00000, 0x0000000083b00000, 0x0000000083b00000|100%|HC|  |TAMS 0x0000000083a00000| PB 0x0000000083a00000| Complete 
|  59|0x0000000083b00000, 0x0000000083c00000, 0x0000000083c00000|100%|HS|  |TAMS 0x0000000083b00000| PB 0x0000000083b00000| Complete 
|  60|0x0000000083c00000, 0x0000000083d00000, 0x0000000083d00000|100%|HS|  |TAMS 0x0000000083c00000| PB 0x0000000083c00000| Complete 
|  61|0x0000000083d00000, 0x0000000083e00000, 0x0000000083e00000|100%|HS|  |TAMS 0x0000000083d00000| PB 0x0000000083d00000| Complete 
|  62|0x0000000083e00000, 0x0000000083f00000, 0x0000000083f00000|100%| O|  |TAMS 0x0000000083e00000| PB 0x0000000083e00000| Untracked 
|  63|0x0000000083f00000, 0x0000000084000000, 0x0000000084000000|100%| O|  |TAMS 0x0000000083f00000| PB 0x0000000083f00000| Untracked 
|  64|0x0000000084000000, 0x0000000084100000, 0x0000000084100000|100%| O|  |TAMS 0x0000000084000000| PB 0x0000000084000000| Untracked 
|  65|0x0000000084100000, 0x0000000084200000, 0x0000000084200000|100%|HS|  |TAMS 0x0000000084100000| PB 0x0000000084100000| Complete 
|  66|0x0000000084200000, 0x0000000084300000, 0x0000000084300000|100%|HC|  |TAMS 0x0000000084200000| PB 0x0000000084200000| Complete 
|  67|0x0000000084300000, 0x0000000084400000, 0x0000000084400000|100%|HC|  |TAMS 0x0000000084300000| PB 0x0000000084300000| Complete 
|  68|0x0000000084400000, 0x0000000084500000, 0x0000000084500000|100%|HC|  |TAMS 0x0000000084400000| PB 0x0000000084400000| Complete 
|  69|0x0000000084500000, 0x0000000084600000, 0x0000000084600000|100%| O|  |TAMS 0x0000000084500000| PB 0x0000000084500000| Untracked 
|  70|0x0000000084600000, 0x0000000084700000, 0x0000000084700000|100%| O|  |TAMS 0x0000000084600000| PB 0x0000000084600000| Untracked 
|  71|0x0000000084700000, 0x0000000084800000, 0x0000000084800000|100%| O|  |TAMS 0x0000000084700000| PB 0x0000000084700000| Untracked 
|  72|0x0000000084800000, 0x0000000084900000, 0x0000000084900000|100%| O|  |TAMS 0x0000000084800000| PB 0x0000000084800000| Untracked 
|  73|0x0000000084900000, 0x0000000084a00000, 0x0000000084a00000|100%| O|Cm|TAMS 0x0000000084900000| PB 0x0000000084900000| Complete 
|  74|0x0000000084a00000, 0x0000000084b00000, 0x0000000084b00000|100%| O|  |TAMS 0x0000000084a00000| PB 0x0000000084a00000| Untracked 
|  75|0x0000000084b00000, 0x0000000084c00000, 0x0000000084c00000|100%| O|  |TAMS 0x0000000084b00000| PB 0x0000000084b00000| Untracked 
|  76|0x0000000084c00000, 0x0000000084d00000, 0x0000000084d00000|100%| O|  |TAMS 0x0000000084c00000| PB 0x0000000084c00000| Untracked 
|  77|0x0000000084d00000, 0x0000000084e00000, 0x0000000084e00000|100%| O|  |TAMS 0x0000000084d00000| PB 0x0000000084d00000| Untracked 
|  78|0x0000000084e00000, 0x0000000084f00000, 0x0000000084f00000|100%| O|  |TAMS 0x0000000084e00000| PB 0x0000000084e00000| Untracked 
|  79|0x0000000084f00000, 0x0000000085000000, 0x0000000085000000|100%| O|  |TAMS 0x0000000084f00000| PB 0x0000000084f00000| Untracked 
|  80|0x0000000085000000, 0x0000000085100000, 0x0000000085100000|100%| O|  |TAMS 0x0000000085000000| PB 0x0000000085000000| Untracked 
|  81|0x0000000085100000, 0x00000000851f4a38, 0x0000000085200000| 95%| O|  |TAMS 0x0000000085100000| PB 0x0000000085100000| Untracked 
|  82|0x0000000085200000, 0x0000000085300000, 0x0000000085300000|100%|HS|  |TAMS 0x0000000085200000| PB 0x0000000085200000| Complete 
|  83|0x0000000085300000, 0x0000000085400000, 0x0000000085400000|100%| O|  |TAMS 0x0000000085300000| PB 0x0000000085300000| Untracked 
|  84|0x0000000085400000, 0x0000000085500000, 0x0000000085500000|100%| O|  |TAMS 0x0000000085400000| PB 0x0000000085400000| Untracked 
|  85|0x0000000085500000, 0x0000000085600000, 0x0000000085600000|100%| O|  |TAMS 0x0000000085500000| PB 0x0000000085500000| Untracked 
|  86|0x0000000085600000, 0x0000000085700000, 0x0000000085700000|100%| O|  |TAMS 0x0000000085600000| PB 0x0000000085600000| Untracked 
|  87|0x0000000085700000, 0x0000000085700000, 0x0000000085800000|  0%| F|  |TAMS 0x0000000085700000| PB 0x0000000085700000| Untracked 
|  88|0x0000000085800000, 0x0000000085800000, 0x0000000085900000|  0%| F|  |TAMS 0x0000000085800000| PB 0x0000000085800000| Untracked 
|  89|0x0000000085900000, 0x0000000085900000, 0x0000000085a00000|  0%| F|  |TAMS 0x0000000085900000| PB 0x0000000085900000| Untracked 
|  90|0x0000000085a00000, 0x0000000085b00000, 0x0000000085b00000|100%| O|  |TAMS 0x0000000085a00000| PB 0x0000000085a00000| Untracked 
|  91|0x0000000085b00000, 0x0000000085b00000, 0x0000000085c00000|  0%| F|  |TAMS 0x0000000085b00000| PB 0x0000000085b00000| Untracked 
|  92|0x0000000085c00000, 0x0000000085c00000, 0x0000000085d00000|  0%| F|  |TAMS 0x0000000085c00000| PB 0x0000000085c00000| Untracked 
|  93|0x0000000085d00000, 0x0000000085d00000, 0x0000000085e00000|  0%| F|  |TAMS 0x0000000085d00000| PB 0x0000000085d00000| Untracked 
|  94|0x0000000085e00000, 0x0000000085e00000, 0x0000000085f00000|  0%| F|  |TAMS 0x0000000085e00000| PB 0x0000000085e00000| Untracked 
|  95|0x0000000085f00000, 0x0000000085f00000, 0x0000000086000000|  0%| F|  |TAMS 0x0000000085f00000| PB 0x0000000085f00000| Untracked 
|  96|0x0000000086000000, 0x0000000086000000, 0x0000000086100000|  0%| F|  |TAMS 0x0000000086000000| PB 0x0000000086000000| Untracked 
|  97|0x0000000086100000, 0x0000000086100000, 0x0000000086200000|  0%| F|  |TAMS 0x0000000086100000| PB 0x0000000086100000| Untracked 
|  98|0x0000000086200000, 0x0000000086200000, 0x0000000086300000|  0%| F|  |TAMS 0x0000000086200000| PB 0x0000000086200000| Untracked 
|  99|0x0000000086300000, 0x0000000086300000, 0x0000000086400000|  0%| F|  |TAMS 0x0000000086300000| PB 0x0000000086300000| Untracked 
| 100|0x0000000086400000, 0x0000000086400000, 0x0000000086500000|  0%| F|  |TAMS 0x0000000086400000| PB 0x0000000086400000| Untracked 
| 101|0x0000000086500000, 0x0000000086500000, 0x0000000086600000|  0%| F|  |TAMS 0x0000000086500000| PB 0x0000000086500000| Untracked 
| 102|0x0000000086600000, 0x0000000086600000, 0x0000000086700000|  0%| F|  |TAMS 0x0000000086600000| PB 0x0000000086600000| Untracked 
| 103|0x0000000086700000, 0x0000000086700000, 0x0000000086800000|  0%| F|  |TAMS 0x0000000086700000| PB 0x0000000086700000| Untracked 
| 104|0x0000000086800000, 0x0000000086800000, 0x0000000086900000|  0%| F|  |TAMS 0x0000000086800000| PB 0x0000000086800000| Untracked 
| 105|0x0000000086900000, 0x0000000086900000, 0x0000000086a00000|  0%| F|  |TAMS 0x0000000086900000| PB 0x0000000086900000| Untracked 
| 106|0x0000000086a00000, 0x0000000086a00000, 0x0000000086b00000|  0%| F|  |TAMS 0x0000000086a00000| PB 0x0000000086a00000| Untracked 
| 107|0x0000000086b00000, 0x0000000086b00000, 0x0000000086c00000|  0%| F|  |TAMS 0x0000000086b00000| PB 0x0000000086b00000| Untracked 
| 108|0x0000000086c00000, 0x0000000086c00000, 0x0000000086d00000|  0%| F|  |TAMS 0x0000000086c00000| PB 0x0000000086c00000| Untracked 
| 109|0x0000000086d00000, 0x0000000086d00000, 0x0000000086e00000|  0%| F|  |TAMS 0x0000000086d00000| PB 0x0000000086d00000| Untracked 
| 110|0x0000000086e00000, 0x0000000086e00000, 0x0000000086f00000|  0%| F|  |TAMS 0x0000000086e00000| PB 0x0000000086e00000| Untracked 
| 111|0x0000000086f00000, 0x0000000086f00000, 0x0000000087000000|  0%| F|  |TAMS 0x0000000086f00000| PB 0x0000000086f00000| Untracked 
| 112|0x0000000087000000, 0x0000000087000000, 0x0000000087100000|  0%| F|  |TAMS 0x0000000087000000| PB 0x0000000087000000| Untracked 
| 113|0x0000000087100000, 0x00000000871369c0, 0x0000000087200000| 21%| S|CS|TAMS 0x0000000087100000| PB 0x0000000087100000| Complete 
| 114|0x0000000087200000, 0x0000000087300000, 0x0000000087300000|100%| S|CS|TAMS 0x0000000087200000| PB 0x0000000087200000| Complete 
| 115|0x0000000087300000, 0x0000000087400000, 0x0000000087400000|100%| S|CS|TAMS 0x0000000087300000| PB 0x0000000087300000| Complete 
| 116|0x0000000087400000, 0x0000000087400000, 0x0000000087500000|  0%| F|  |TAMS 0x0000000087400000| PB 0x0000000087400000| Untracked 
| 117|0x0000000087500000, 0x0000000087500000, 0x0000000087600000|  0%| F|  |TAMS 0x0000000087500000| PB 0x0000000087500000| Untracked 
| 118|0x0000000087600000, 0x0000000087600000, 0x0000000087700000|  0%| F|  |TAMS 0x0000000087600000| PB 0x0000000087600000| Untracked 
| 119|0x0000000087700000, 0x0000000087700000, 0x0000000087800000|  0%| F|  |TAMS 0x0000000087700000| PB 0x0000000087700000| Untracked 
| 120|0x0000000087800000, 0x0000000087800000, 0x0000000087900000|  0%| F|  |TAMS 0x0000000087800000| PB 0x0000000087800000| Untracked 
| 121|0x0000000087900000, 0x0000000087900000, 0x0000000087a00000|  0%| F|  |TAMS 0x0000000087900000| PB 0x0000000087900000| Untracked 
| 122|0x0000000087a00000, 0x0000000087a00000, 0x0000000087b00000|  0%| F|  |TAMS 0x0000000087a00000| PB 0x0000000087a00000| Untracked 
| 123|0x0000000087b00000, 0x0000000087b00000, 0x0000000087c00000|  0%| F|  |TAMS 0x0000000087b00000| PB 0x0000000087b00000| Untracked 
| 124|0x0000000087c00000, 0x0000000087c00000, 0x0000000087d00000|  0%| F|  |TAMS 0x0000000087c00000| PB 0x0000000087c00000| Untracked 
| 125|0x0000000087d00000, 0x0000000087d00000, 0x0000000087e00000|  0%| F|  |TAMS 0x0000000087d00000| PB 0x0000000087d00000| Untracked 
| 126|0x0000000087e00000, 0x0000000087e00000, 0x0000000087f00000|  0%| F|  |TAMS 0x0000000087e00000| PB 0x0000000087e00000| Untracked 
| 127|0x0000000087f00000, 0x0000000087f00000, 0x0000000088000000|  0%| F|  |TAMS 0x0000000087f00000| PB 0x0000000087f00000| Untracked 
| 128|0x0000000088000000, 0x0000000088000000, 0x0000000088100000|  0%| F|  |TAMS 0x0000000088000000| PB 0x0000000088000000| Untracked 
| 129|0x0000000088100000, 0x0000000088100000, 0x0000000088200000|  0%| F|  |TAMS 0x0000000088100000| PB 0x0000000088100000| Untracked 
| 130|0x0000000088200000, 0x0000000088200000, 0x0000000088300000|  0%| F|  |TAMS 0x0000000088200000| PB 0x0000000088200000| Untracked 
| 131|0x0000000088300000, 0x0000000088300000, 0x0000000088400000|  0%| F|  |TAMS 0x0000000088300000| PB 0x0000000088300000| Untracked 
| 132|0x0000000088400000, 0x0000000088400000, 0x0000000088500000|  0%| F|  |TAMS 0x0000000088400000| PB 0x0000000088400000| Untracked 
| 133|0x0000000088500000, 0x0000000088500000, 0x0000000088600000|  0%| F|  |TAMS 0x0000000088500000| PB 0x0000000088500000| Untracked 
| 134|0x0000000088600000, 0x0000000088600000, 0x0000000088700000|  0%| F|  |TAMS 0x0000000088600000| PB 0x0000000088600000| Untracked 
| 135|0x0000000088700000, 0x0000000088700000, 0x0000000088800000|  0%| F|  |TAMS 0x0000000088700000| PB 0x0000000088700000| Untracked 
| 136|0x0000000088800000, 0x0000000088800000, 0x0000000088900000|  0%| F|  |TAMS 0x0000000088800000| PB 0x0000000088800000| Untracked 
| 137|0x0000000088900000, 0x0000000088900000, 0x0000000088a00000|  0%| F|  |TAMS 0x0000000088900000| PB 0x0000000088900000| Untracked 
| 138|0x0000000088a00000, 0x0000000088a00000, 0x0000000088b00000|  0%| F|  |TAMS 0x0000000088a00000| PB 0x0000000088a00000| Untracked 
| 139|0x0000000088b00000, 0x0000000088b00000, 0x0000000088c00000|  0%| F|  |TAMS 0x0000000088b00000| PB 0x0000000088b00000| Untracked 
| 140|0x0000000088c00000, 0x0000000088c00000, 0x0000000088d00000|  0%| F|  |TAMS 0x0000000088c00000| PB 0x0000000088c00000| Untracked 
| 141|0x0000000088d00000, 0x0000000088d00000, 0x0000000088e00000|  0%| F|  |TAMS 0x0000000088d00000| PB 0x0000000088d00000| Untracked 
| 142|0x0000000088e00000, 0x0000000088e00000, 0x0000000088f00000|  0%| F|  |TAMS 0x0000000088e00000| PB 0x0000000088e00000| Untracked 
| 143|0x0000000088f00000, 0x0000000088f00000, 0x0000000089000000|  0%| F|  |TAMS 0x0000000088f00000| PB 0x0000000088f00000| Untracked 
| 144|0x0000000089000000, 0x0000000089000000, 0x0000000089100000|  0%| F|  |TAMS 0x0000000089000000| PB 0x0000000089000000| Untracked 
| 145|0x0000000089100000, 0x0000000089100000, 0x0000000089200000|  0%| F|  |TAMS 0x0000000089100000| PB 0x0000000089100000| Untracked 
| 146|0x0000000089200000, 0x0000000089200000, 0x0000000089300000|  0%| F|  |TAMS 0x0000000089200000| PB 0x0000000089200000| Untracked 
| 147|0x0000000089300000, 0x0000000089300000, 0x0000000089400000|  0%| F|  |TAMS 0x0000000089300000| PB 0x0000000089300000| Untracked 
| 148|0x0000000089400000, 0x0000000089400000, 0x0000000089500000|  0%| F|  |TAMS 0x0000000089400000| PB 0x0000000089400000| Untracked 
| 149|0x0000000089500000, 0x0000000089500000, 0x0000000089600000|  0%| F|  |TAMS 0x0000000089500000| PB 0x0000000089500000| Untracked 
| 150|0x0000000089600000, 0x0000000089600000, 0x0000000089700000|  0%| F|  |TAMS 0x0000000089600000| PB 0x0000000089600000| Untracked 
| 151|0x0000000089700000, 0x0000000089700000, 0x0000000089800000|  0%| F|  |TAMS 0x0000000089700000| PB 0x0000000089700000| Untracked 
| 152|0x0000000089800000, 0x0000000089800000, 0x0000000089900000|  0%| F|  |TAMS 0x0000000089800000| PB 0x0000000089800000| Untracked 
| 153|0x0000000089900000, 0x0000000089a00000, 0x0000000089a00000|100%| E|  |TAMS 0x0000000089900000| PB 0x0000000089900000| Complete 
| 154|0x0000000089a00000, 0x0000000089b00000, 0x0000000089b00000|100%| E|CS|TAMS 0x0000000089a00000| PB 0x0000000089a00000| Complete 
| 155|0x0000000089b00000, 0x0000000089c00000, 0x0000000089c00000|100%| E|CS|TAMS 0x0000000089b00000| PB 0x0000000089b00000| Complete 
| 156|0x0000000089c00000, 0x0000000089d00000, 0x0000000089d00000|100%| E|CS|TAMS 0x0000000089c00000| PB 0x0000000089c00000| Complete 
| 157|0x0000000089d00000, 0x0000000089e00000, 0x0000000089e00000|100%| E|CS|TAMS 0x0000000089d00000| PB 0x0000000089d00000| Complete 
| 158|0x0000000089e00000, 0x0000000089f00000, 0x0000000089f00000|100%| E|CS|TAMS 0x0000000089e00000| PB 0x0000000089e00000| Complete 
| 159|0x0000000089f00000, 0x000000008a000000, 0x000000008a000000|100%| E|CS|TAMS 0x0000000089f00000| PB 0x0000000089f00000| Complete 
| 160|0x000000008a000000, 0x000000008a100000, 0x000000008a100000|100%| E|CS|TAMS 0x000000008a000000| PB 0x000000008a000000| Complete 
| 161|0x000000008a100000, 0x000000008a200000, 0x000000008a200000|100%| E|CS|TAMS 0x000000008a100000| PB 0x000000008a100000| Complete 
| 162|0x000000008a200000, 0x000000008a300000, 0x000000008a300000|100%| E|CS|TAMS 0x000000008a200000| PB 0x000000008a200000| Complete 
| 163|0x000000008a300000, 0x000000008a400000, 0x000000008a400000|100%| E|CS|TAMS 0x000000008a300000| PB 0x000000008a300000| Complete 
| 164|0x000000008a400000, 0x000000008a500000, 0x000000008a500000|100%| E|CS|TAMS 0x000000008a400000| PB 0x000000008a400000| Complete 
| 165|0x000000008a500000, 0x000000008a600000, 0x000000008a600000|100%| E|CS|TAMS 0x000000008a500000| PB 0x000000008a500000| Complete 
| 166|0x000000008a600000, 0x000000008a700000, 0x000000008a700000|100%| E|CS|TAMS 0x000000008a600000| PB 0x000000008a600000| Complete 
| 167|0x000000008a700000, 0x000000008a800000, 0x000000008a800000|100%| E|CS|TAMS 0x000000008a700000| PB 0x000000008a700000| Complete 
| 168|0x000000008a800000, 0x000000008a900000, 0x000000008a900000|100%| E|CS|TAMS 0x000000008a800000| PB 0x000000008a800000| Complete 
| 169|0x000000008a900000, 0x000000008aa00000, 0x000000008aa00000|100%| E|CS|TAMS 0x000000008a900000| PB 0x000000008a900000| Complete 
| 170|0x000000008aa00000, 0x000000008ab00000, 0x000000008ab00000|100%| E|CS|TAMS 0x000000008aa00000| PB 0x000000008aa00000| Complete 
| 171|0x000000008ab00000, 0x000000008ac00000, 0x000000008ac00000|100%| E|CS|TAMS 0x000000008ab00000| PB 0x000000008ab00000| Complete 
| 172|0x000000008ac00000, 0x000000008ad00000, 0x000000008ad00000|100%| E|CS|TAMS 0x000000008ac00000| PB 0x000000008ac00000| Complete 
| 173|0x000000008ad00000, 0x000000008ae00000, 0x000000008ae00000|100%| E|CS|TAMS 0x000000008ad00000| PB 0x000000008ad00000| Complete 
| 174|0x000000008ae00000, 0x000000008af00000, 0x000000008af00000|100%| E|CS|TAMS 0x000000008ae00000| PB 0x000000008ae00000| Complete 
| 175|0x000000008af00000, 0x000000008b000000, 0x000000008b000000|100%| E|CS|TAMS 0x000000008af00000| PB 0x000000008af00000| Complete 
| 176|0x000000008b000000, 0x000000008b100000, 0x000000008b100000|100%| E|CS|TAMS 0x000000008b000000| PB 0x000000008b000000| Complete 
| 281|0x0000000091900000, 0x0000000091a00000, 0x0000000091a00000|100%| E|CS|TAMS 0x0000000091900000| PB 0x0000000091900000| Complete 
| 282|0x0000000091a00000, 0x0000000091b00000, 0x0000000091b00000|100%| E|CS|TAMS 0x0000000091a00000| PB 0x0000000091a00000| Complete 
| 283|0x0000000091b00000, 0x0000000091c00000, 0x0000000091c00000|100%| E|CS|TAMS 0x0000000091b00000| PB 0x0000000091b00000| Complete 
| 486|0x000000009e600000, 0x000000009e700000, 0x000000009e700000|100%| E|CS|TAMS 0x000000009e600000| PB 0x000000009e600000| Complete 
| 511|0x000000009ff00000, 0x00000000a0000000, 0x00000000a0000000|100%| E|CS|TAMS 0x000000009ff00000| PB 0x000000009ff00000| Complete 
|2041|0x00000000ff900000, 0x00000000ffa00000, 0x00000000ffa00000|100%| O|  |TAMS 0x00000000ff900000| PB 0x00000000ff900000| Untracked 
|2042|0x00000000ffa00000, 0x00000000ffb00000, 0x00000000ffb00000|100%| O|  |TAMS 0x00000000ffa00000| PB 0x00000000ffa00000| Untracked 
|2043|0x00000000ffb00000, 0x00000000ffc00000, 0x00000000ffc00000|100%| O|  |TAMS 0x00000000ffb00000| PB 0x00000000ffb00000| Untracked 
|2044|0x00000000ffc00000, 0x00000000ffd00000, 0x00000000ffd00000|100%| O|  |TAMS 0x00000000ffc00000| PB 0x00000000ffc00000| Untracked 
|2045|0x00000000ffd00000, 0x00000000ffe00000, 0x00000000ffe00000|100%| O|  |TAMS 0x00000000ffd00000| PB 0x00000000ffd00000| Untracked 
|2046|0x00000000ffe00000, 0x00000000fff00000, 0x00000000fff00000|100%| E|CS|TAMS 0x00000000ffe00000| PB 0x00000000ffe00000| Complete 
|2047|0x00000000fff00000, 0x0000000100000000, 0x0000000100000000|100%| O|  |TAMS 0x00000000fff00000| PB 0x00000000fff00000| Untracked 

Card table byte_map: [0x000002bdea320000,0x000002bdea720000] _byte_map_base: 0x000002bde9f20000

Marking Bits: (CMBitMap*) 0x000002bdd7599550
 Bits: [0x000002bdea720000, 0x000002bdec720000)

Polling page: 0x000002bdd6d10000

Metaspace:

Usage:
  Non-class:     80.09 MB used.
      Class:     12.23 MB used.
       Both:     92.32 MB used.

Virtual space:
  Non-class space:      128.00 MB reserved,      81.00 MB ( 63%) committed,  2 nodes.
      Class space:        1.00 GB reserved,      13.12 MB (  1%) committed,  1 nodes.
             Both:        1.12 GB reserved,      94.12 MB (  8%) committed. 

Chunk freelists:
   Non-Class:  15.05 MB
       Class:  2.81 MB
        Both:  17.86 MB

MaxMetaspaceSize: unlimited
CompressedClassSpaceSize: 1.00 GB
Initial GC threshold: 21.00 MB
Current GC threshold: 149.00 MB
CDS: off
 - commit_granule_bytes: 65536.
 - commit_granule_words: 8192.
 - virtual_space_node_default_size: 8388608.
 - enlarge_chunks_in_place: 1.
 - use_allocation_guard: 0.


Internal statistics:

num_allocs_failed_limit: 9.
num_arena_births: 3506.
num_arena_deaths: 0.
num_vsnodes_births: 3.
num_vsnodes_deaths: 0.
num_space_committed: 1506.
num_space_uncommitted: 0.
num_chunks_returned_to_freelist: 9.
num_chunks_taken_from_freelist: 7229.
num_chunk_merges: 9.
num_chunk_splits: 4709.
num_chunks_enlarged: 2980.
num_inconsistent_stats: 0.

CodeHeap 'non-profiled nmethods': size=119168Kb used=5801Kb max_used=5801Kb free=113366Kb
 bounds [0x000002bde2240000, 0x000002bde27f0000, 0x000002bde96a0000]
CodeHeap 'profiled nmethods': size=119104Kb used=17811Kb max_used=17811Kb free=101292Kb
 bounds [0x000002bdda6a0000, 0x000002bddb810000, 0x000002bde1af0000]
CodeHeap 'non-nmethods': size=7488Kb used=4555Kb max_used=4604Kb free=2933Kb
 bounds [0x000002bde1af0000, 0x000002bde1f80000, 0x000002bde2240000]
 total_blobs=10654 nmethods=9669 adapters=883
 compilation: enabled
              stopped_count=0, restarted_count=0
 full_count=0

Compilation events (20 events):
Event: 7.634 Thread 0x000002bdefa0c8e0 11419       3       org.gradle.api.internal.project.DefaultProject::projectPath (9 bytes)
Event: 7.634 Thread 0x000002bdf403c530 11420       3       org.gradle.api.internal.project.DefaultProject::identityPath (9 bytes)
Event: 7.634 Thread 0x000002bdefa0c8e0 nmethod 11419 0x000002bddb807610 code [0x000002bddb8077c0, 0x000002bddb807a40]
Event: 7.634 Thread 0x000002bdf403c530 nmethod 11420 0x000002bddb807b90 code [0x000002bddb807d40, 0x000002bddb807fc0]
Event: 7.635 Thread 0x000002bdf403c530 11421       3       org.gradle.api.internal.file.DefaultFilePropertyFactory$AbstractFileVar::<init> (7 bytes)
Event: 7.636 Thread 0x000002bdf403c530 nmethod 11421 0x000002bddb808110 code [0x000002bddb8083a0, 0x000002bddb809270]
Event: 7.637 Thread 0x000002bdefa0c8e0 11422       3       org.gradle.util.Path::getPath (20 bytes)
Event: 7.637 Thread 0x000002bdefa0c8e0 nmethod 11422 0x000002bddb809710 code [0x000002bddb8098c0, 0x000002bddb809a90]
Event: 7.644 Thread 0x000002bdefbb7bf0 11423       3       org.gradle.internal.ImmutableActionSet$SetWithManyActions::unpackInto (10 bytes)
Event: 7.644 Thread 0x000002bdefbb7bf0 nmethod 11423 0x000002bddb809b90 code [0x000002bddb809d40, 0x000002bddb809f18]
Event: 7.645 Thread 0x000002bdf403c530 11424       3       org.gradle.api.internal.tasks.DefaultTaskDependency::<init> (16 bytes)
Event: 7.645 Thread 0x000002bdefbb7bf0 11425       3       org.gradle.api.internal.tasks.AbstractTaskDependency::<init> (15 bytes)
Event: 7.645 Thread 0x000002bdf4d8e240 11426       3       org.gradle.api.internal.file.CompositeFileCollection::<init> (7 bytes)
Event: 7.645 Thread 0x000002bdefbb7bf0 nmethod 11425 0x000002bddb80a010 code [0x000002bddb80a1c0, 0x000002bddb80a3b8]
Event: 7.645 Thread 0x000002bdf403c530 nmethod 11424 0x000002bddb80a490 code [0x000002bddb80a640, 0x000002bddb80a948]
Event: 7.646 Thread 0x000002bdf4d8e240 nmethod 11426 0x000002bddb80aa90 code [0x000002bddb80ac40, 0x000002bddb80aec0]
Event: 7.646 Thread 0x000002bdf4d8e240 11427       3       org.gradle.api.internal.file.collections.DefaultConfigurableFileCollection::assertMutable (14 bytes)
Event: 7.646 Thread 0x000002bdf403c530 11428       3       org.gradle.api.internal.file.collections.DefaultConfigurableFileCollection$$Lambda/0x0000000100989018::<init> (10 bytes)
Event: 7.646 Thread 0x000002bdf403c530 nmethod 11428 0x000002bddb80af90 code [0x000002bddb80b140, 0x000002bddb80b2f8]
Event: 7.646 Thread 0x000002bdf4d8e240 nmethod 11427 0x000002bddb80b390 code [0x000002bddb80b5a0, 0x000002bddb80bc08]

GC Heap History (20 events):
Event: 5.205 GC heap before
{Heap before GC invocations=16 (full 0):
 garbage-first heap   total 133120K, used 111146K [0x0000000080000000, 0x0000000100000000)
  region size 1024K, 72 young (73728K), 10 survivors (10240K)
 Metaspace       used 69345K, committed 70912K, reserved 1114112K
  class space    used 9195K, committed 9984K, reserved 1048576K
}
Event: 5.210 GC heap after
{Heap after GC invocations=17 (full 0):
 garbage-first heap   total 133120K, used 51541K [0x0000000080000000, 0x0000000100000000)
  region size 1024K, 5 young (5120K), 5 survivors (5120K)
 Metaspace       used 69345K, committed 70912K, reserved 1114112K
  class space    used 9195K, committed 9984K, reserved 1048576K
}
Event: 5.360 GC heap before
{Heap before GC invocations=17 (full 0):
 garbage-first heap   total 133120K, used 114005K [0x0000000080000000, 0x0000000100000000)
  region size 1024K, 67 young (68608K), 5 survivors (5120K)
 Metaspace       used 69363K, committed 70976K, reserved 1114112K
  class space    used 9196K, committed 9984K, reserved 1048576K
}
Event: 5.362 GC heap after
{Heap after GC invocations=18 (full 0):
 garbage-first heap   total 133120K, used 52745K [0x0000000080000000, 0x0000000100000000)
  region size 1024K, 7 young (7168K), 7 survivors (7168K)
 Metaspace       used 69363K, committed 70976K, reserved 1114112K
  class space    used 9196K, committed 9984K, reserved 1048576K
}
Event: 5.417 GC heap before
{Heap before GC invocations=18 (full 0):
 garbage-first heap   total 133120K, used 57865K [0x0000000080000000, 0x0000000100000000)
  region size 1024K, 13 young (13312K), 7 survivors (7168K)
 Metaspace       used 69602K, committed 71232K, reserved 1114112K
  class space    used 9238K, committed 10048K, reserved 1048576K
}
Event: 5.420 GC heap after
{Heap after GC invocations=19 (full 0):
 garbage-first heap   total 133120K, used 53716K [0x0000000080000000, 0x0000000100000000)
  region size 1024K, 6 young (6144K), 6 survivors (6144K)
 Metaspace       used 69602K, committed 71232K, reserved 1114112K
  class space    used 9238K, committed 10048K, reserved 1048576K
}
Event: 5.909 GC heap before
{Heap before GC invocations=20 (full 0):
 garbage-first heap   total 133120K, used 126420K [0x0000000080000000, 0x0000000100000000)
  region size 1024K, 63 young (64512K), 6 survivors (6144K)
 Metaspace       used 74335K, committed 75968K, reserved 1179648K
  class space    used 9791K, committed 10624K, reserved 1048576K
}
Event: 5.912 GC heap after
{Heap after GC invocations=21 (full 0):
 garbage-first heap   total 142336K, used 76312K [0x0000000080000000, 0x0000000100000000)
  region size 1024K, 8 young (8192K), 8 survivors (8192K)
 Metaspace       used 74335K, committed 75968K, reserved 1179648K
  class space    used 9791K, committed 10624K, reserved 1048576K
}
Event: 6.241 GC heap before
{Heap before GC invocations=21 (full 0):
 garbage-first heap   total 142336K, used 128536K [0x0000000080000000, 0x0000000100000000)
  region size 1024K, 56 young (57344K), 8 survivors (8192K)
 Metaspace       used 79188K, committed 80896K, reserved 1179648K
  class space    used 10471K, committed 11328K, reserved 1048576K
}
Event: 6.244 GC heap after
{Heap after GC invocations=22 (full 0):
 garbage-first heap   total 145408K, used 84857K [0x0000000080000000, 0x0000000100000000)
  region size 1024K, 6 young (6144K), 6 survivors (6144K)
 Metaspace       used 79188K, committed 80896K, reserved 1179648K
  class space    used 10471K, committed 11328K, reserved 1048576K
}
Event: 6.262 GC heap before
{Heap before GC invocations=22 (full 0):
 garbage-first heap   total 145408K, used 89977K [0x0000000080000000, 0x0000000100000000)
  region size 1024K, 12 young (12288K), 6 survivors (6144K)
 Metaspace       used 79197K, committed 80896K, reserved 1179648K
  class space    used 10471K, committed 11328K, reserved 1048576K
}
Event: 6.264 GC heap after
{Heap after GC invocations=23 (full 0):
 garbage-first heap   total 145408K, used 81733K [0x0000000080000000, 0x0000000100000000)
  region size 1024K, 1 young (1024K), 1 survivors (1024K)
 Metaspace       used 79197K, committed 80896K, reserved 1179648K
  class space    used 10471K, committed 11328K, reserved 1048576K
}
Event: 6.593 GC heap before
{Heap before GC invocations=24 (full 0):
 garbage-first heap   total 145408K, used 131909K [0x0000000080000000, 0x0000000100000000)
  region size 1024K, 49 young (50176K), 1 survivors (1024K)
 Metaspace       used 83282K, committed 84992K, reserved 1179648K
  class space    used 10981K, committed 11840K, reserved 1048576K
}
Event: 6.595 GC heap after
{Heap after GC invocations=25 (full 0):
 garbage-first heap   total 145408K, used 85432K [0x0000000080000000, 0x0000000100000000)
  region size 1024K, 4 young (4096K), 4 survivors (4096K)
 Metaspace       used 83282K, committed 84992K, reserved 1179648K
  class space    used 10981K, committed 11840K, reserved 1048576K
}
Event: 6.994 GC heap before
{Heap before GC invocations=25 (full 0):
 garbage-first heap   total 145408K, used 135608K [0x0000000080000000, 0x0000000100000000)
  region size 1024K, 50 young (51200K), 4 survivors (4096K)
 Metaspace       used 88677K, committed 90496K, reserved 1179648K
  class space    used 11656K, committed 12608K, reserved 1048576K
}
Event: 6.997 GC heap after
{Heap after GC invocations=26 (full 0):
 garbage-first heap   total 145408K, used 92039K [0x0000000080000000, 0x0000000100000000)
  region size 1024K, 7 young (7168K), 7 survivors (7168K)
 Metaspace       used 88677K, committed 90496K, reserved 1179648K
  class space    used 11656K, committed 12608K, reserved 1048576K
}
Event: 7.187 GC heap before
{Heap before GC invocations=26 (full 0):
 garbage-first heap   total 145408K, used 129927K [0x0000000080000000, 0x0000000100000000)
  region size 1024K, 44 young (45056K), 7 survivors (7168K)
 Metaspace       used 89651K, committed 91456K, reserved 1179648K
  class space    used 11770K, committed 12672K, reserved 1048576K
}
Event: 7.190 GC heap after
{Heap after GC invocations=27 (full 0):
 garbage-first heap   total 145408K, used 95182K [0x0000000080000000, 0x0000000100000000)
  region size 1024K, 4 young (4096K), 4 survivors (4096K)
 Metaspace       used 89651K, committed 91456K, reserved 1179648K
  class space    used 11770K, committed 12672K, reserved 1048576K
}
Event: 7.434 GC heap before
{Heap before GC invocations=28 (full 0):
 garbage-first heap   total 160768K, used 131022K [0x0000000080000000, 0x0000000100000000)
  region size 1024K, 39 young (39936K), 4 survivors (4096K)
 Metaspace       used 91951K, committed 93824K, reserved 1179648K
  class space    used 12101K, committed 13056K, reserved 1048576K
}
Event: 7.436 GC heap after
{Heap after GC invocations=29 (full 0):
 garbage-first heap   total 193536K, used 97452K [0x0000000080000000, 0x0000000100000000)
  region size 1024K, 3 young (3072K), 3 survivors (3072K)
 Metaspace       used 91951K, committed 93824K, reserved 1179648K
  class space    used 12101K, committed 13056K, reserved 1048576K
}

Dll operation events (3 events):
Event: 0.026 Loaded shared library D:\Program Files\Android\Android Studio2\jbr\bin\java.dll
Event: 0.031 Loaded shared library D:\Program Files\Android\Android Studio2\jbr\bin\zip.dll
Event: 0.343 Loaded shared library D:\Program Files\Android\Android Studio2\jbr\bin\verify.dll

Deoptimization events (20 events):
Event: 7.481 Thread 0x000002bdf634de80 DEOPT PACKING pc=0x000002bddb10de53 sp=0x000000d95faf73d0
Event: 7.481 Thread 0x000002bdf634de80 DEOPT UNPACKING pc=0x000002bde1b44e42 sp=0x000000d95faf6880 mode 0
Event: 7.483 Thread 0x000002bdf634de80 DEOPT PACKING pc=0x000002bddb10de53 sp=0x000000d95faf73d0
Event: 7.483 Thread 0x000002bdf634de80 DEOPT UNPACKING pc=0x000002bde1b44e42 sp=0x000000d95faf6880 mode 0
Event: 7.483 Thread 0x000002bdf634de80 Uncommon trap: trap_request=0xffffff45 fr.pc=0x000002bde25a7840 relative=0x00000000000000a0
Event: 7.483 Thread 0x000002bdf634de80 Uncommon trap: reason=unstable_if action=reinterpret pc=0x000002bde25a7840 method=com.google.gson.stream.JsonReader.peek()Lcom/google/gson/stream/JsonToken; @ 15 c2
Event: 7.483 Thread 0x000002bdf634de80 DEOPT PACKING pc=0x000002bde25a7840 sp=0x000000d95faf7bc0
Event: 7.483 Thread 0x000002bdf634de80 DEOPT UNPACKING pc=0x000002bde1b446a2 sp=0x000000d95faf7b48 mode 2
Event: 7.503 Thread 0x000002bdf634de80 Uncommon trap: trap_request=0xffffff45 fr.pc=0x000002bde22e034c relative=0x00000000000005cc
Event: 7.503 Thread 0x000002bdf634de80 Uncommon trap: reason=unstable_if action=reinterpret pc=0x000002bde22e034c method=java.lang.AbstractStringBuilder.appendChars(Ljava/lang/String;II)V @ 11 c2
Event: 7.503 Thread 0x000002bdf634de80 DEOPT PACKING pc=0x000002bde22e034c sp=0x000000d95faf7690
Event: 7.503 Thread 0x000002bdf634de80 DEOPT UNPACKING pc=0x000002bde1b446a2 sp=0x000000d95faf75d0 mode 2
Event: 7.504 Thread 0x000002bdf634de80 Uncommon trap: trap_request=0xffffff45 fr.pc=0x000002bde2296b44 relative=0x0000000000000564
Event: 7.504 Thread 0x000002bdf634de80 Uncommon trap: reason=unstable_if action=reinterpret pc=0x000002bde2296b44 method=java.lang.AbstractStringBuilder.inflateIfNeededFor(Ljava/lang/String;)V @ 14 c2
Event: 7.504 Thread 0x000002bdf634de80 DEOPT PACKING pc=0x000002bde2296b44 sp=0x000000d95faf7710
Event: 7.504 Thread 0x000002bdf634de80 DEOPT UNPACKING pc=0x000002bde1b446a2 sp=0x000000d95faf7608 mode 2
Event: 7.504 Thread 0x000002bdf634de80 Uncommon trap: trap_request=0xffffff45 fr.pc=0x000002bde228e90c relative=0x00000000000000ec
Event: 7.504 Thread 0x000002bdf634de80 Uncommon trap: reason=unstable_if action=reinterpret pc=0x000002bde228e90c method=java.lang.String.getBytes([BIB)V @ 5 c2
Event: 7.504 Thread 0x000002bdf634de80 DEOPT PACKING pc=0x000002bde228e90c sp=0x000000d95faf7630
Event: 7.504 Thread 0x000002bdf634de80 DEOPT UNPACKING pc=0x000002bde1b446a2 sp=0x000000d95faf75f8 mode 2

Classes loaded (20 events):
Event: 6.769 Loading class jdk/jfr/FlightRecorderListener done
Event: 6.769 Loading class jdk/management/jfr/FlightRecorderMXBeanImpl$MXBeanListener done
Event: 6.773 Loading class java/time/format/DateTimeFormatterBuilder$WeekBasedFieldPrinterParser
Event: 6.773 Loading class java/time/format/DateTimeFormatterBuilder$WeekBasedFieldPrinterParser done
Event: 6.783 Loading class com/sun/jmx/mbeanserver/StandardMBeanSupport
Event: 6.783 Loading class com/sun/jmx/mbeanserver/StandardMBeanSupport done
Event: 6.783 Loading class com/sun/jmx/mbeanserver/StandardMBeanIntrospector
Event: 6.783 Loading class com/sun/jmx/mbeanserver/StandardMBeanIntrospector done
Event: 6.956 Loading class java/lang/StackTraceElement$HashedModules
Event: 6.956 Loading class java/lang/StackTraceElement$HashedModules done
Event: 6.977 Loading class java/io/CharArrayReader
Event: 6.977 Loading class java/io/CharArrayReader done
Event: 7.159 Loading class java/beans/IntrospectionException
Event: 7.159 Loading class java/beans/IntrospectionException done
Event: 7.468 Loading class sun/reflect/generics/repository/FieldRepository
Event: 7.468 Loading class sun/reflect/generics/repository/FieldRepository done
Event: 7.473 Loading class jdk/internal/vm/annotation/ForceInline
Event: 7.473 Loading class jdk/internal/vm/annotation/ForceInline done
Event: 7.504 Loading class java/util/regex/Pattern$Caret
Event: 7.504 Loading class java/util/regex/Pattern$Caret done

Classes unloaded (0 events):
No events

Classes redefined (0 events):
No events

Internal exceptions (20 events):
Event: 7.214 Thread 0x000002bdf634de80 Exception <a 'java/lang/NoSuchMethodError'{0x000000008814b7c8}: 'void java.lang.invoke.DelegatingMethodHandle$Holder.reinvoke_L(java.lang.Object, java.lang.Object, int)'> (0x000000008814b7c8) 
thrown [s\src\hotspot\share\interpreter\linkResolver.cpp, line 784]
Event: 7.216 Thread 0x000002bdf634de80 Exception <a 'java/lang/ClassNotFoundException'{0x00000000881710b0}: build_1ub0l2rm3tr8nhhyjxo3fayg4$_run_closure1$_closure4BeanInfo> (0x00000000881710b0) 
thrown [s\src\hotspot\share\classfile\systemDictionary.cpp, line 312]
Event: 7.216 Thread 0x000002bdf634de80 Exception <a 'java/lang/ClassNotFoundException'{0x000000008817b2d0}: build_1ub0l2rm3tr8nhhyjxo3fayg4$_run_closure1$_closure4Customizer> (0x000000008817b2d0) 
thrown [s\src\hotspot\share\classfile\systemDictionary.cpp, line 312]
Event: 7.217 Thread 0x000002bdf634de80 Exception <a 'java/lang/ClassNotFoundException'{0x00000000881a32a8}: build_1ub0l2rm3tr8nhhyjxo3fayg4$_run_closure1BeanInfo> (0x00000000881a32a8) 
thrown [s\src\hotspot\share\classfile\systemDictionary.cpp, line 312]
Event: 7.217 Thread 0x000002bdf634de80 Exception <a 'java/lang/ClassNotFoundException'{0x00000000881ade68}: build_1ub0l2rm3tr8nhhyjxo3fayg4$_run_closure1Customizer> (0x00000000881ade68) 
thrown [s\src\hotspot\share\classfile\systemDictionary.cpp, line 312]
Event: 7.224 Thread 0x000002bdf634de80 Exception <a 'java/lang/ClassNotFoundException'{0x00000000881ea150}: org/gradle/api/JavaVersionBeanInfo> (0x00000000881ea150) 
thrown [s\src\hotspot\share\classfile\systemDictionary.cpp, line 312]
Event: 7.225 Thread 0x000002bdf634de80 Exception <a 'java/lang/ClassNotFoundException'{0x00000000881fc998}: org/gradle/api/JavaVersionCustomizer> (0x00000000881fc998) 
thrown [s\src\hotspot\share\classfile\systemDictionary.cpp, line 312]
Event: 7.231 Thread 0x000002bdf634de80 Exception <a 'java/lang/ClassNotFoundException'{0x0000000089085e60}: com/android/build/gradle/internal/CompileOptions$AgpDecorated_DecoratedBeanInfo> (0x0000000089085e60) 
thrown [s\src\hotspot\share\classfile\systemDictionary.cpp, line 312]
Event: 7.231 Thread 0x000002bdf634de80 Exception <a 'java/lang/ClassNotFoundException'{0x0000000089091f50}: com/android/build/gradle/internal/CompileOptions$AgpDecoratedBeanInfo> (0x0000000089091f50) 
thrown [s\src\hotspot\share\classfile\systemDictionary.cpp, line 312]
Event: 7.231 Thread 0x000002bdf634de80 Exception <a 'java/lang/ClassNotFoundException'{0x000000008909dea8}: com/android/build/gradle/internal/CompileOptionsBeanInfo> (0x000000008909dea8) 
thrown [s\src\hotspot\share\classfile\systemDictionary.cpp, line 312]
Event: 7.231 Thread 0x000002bdf634de80 Exception <a 'java/lang/ClassNotFoundException'{0x00000000890a9df8}: com/android/build/gradle/internal/CompileOptionsCustomizer> (0x00000000890a9df8) 
thrown [s\src\hotspot\share\classfile\systemDictionary.cpp, line 312]
Event: 7.232 Thread 0x000002bdf634de80 Exception <a 'java/lang/ClassNotFoundException'{0x00000000890c1c20}: com/android/build/gradle/internal/CompileOptions$AgpDecoratedCustomizer> (0x00000000890c1c20) 
thrown [s\src\hotspot\share\classfile\systemDictionary.cpp, line 312]
Event: 7.232 Thread 0x000002bdf634de80 Exception <a 'java/lang/ClassNotFoundException'{0x00000000890d1718}: com/android/build/gradle/internal/CompileOptions$AgpDecorated_DecoratedCustomizer> (0x00000000890d1718) 
thrown [s\src\hotspot\share\classfile\systemDictionary.cpp, line 312]
Event: 7.238 Thread 0x000002bdf634de80 Exception <a 'java/lang/ClassNotFoundException'{0x0000000088f5cc58}: org/gradle/api/internal/artifacts/dsl/dependencies/DefaultDependencyHandler_DecoratedBeanInfo> (0x0000000088f5cc58) 
thrown [s\src\hotspot\share\classfile\systemDictionary.cpp, line 312]
Event: 7.238 Thread 0x000002bdf634de80 Exception <a 'java/lang/ClassNotFoundException'{0x0000000088f72c18}: org/gradle/api/internal/artifacts/dsl/dependencies/DefaultDependencyHandlerBeanInfo> (0x0000000088f72c18) 
thrown [s\src\hotspot\share\classfile\systemDictionary.cpp, line 312]
Event: 7.239 Thread 0x000002bdf634de80 Exception <a 'java/lang/ClassNotFoundException'{0x0000000088f88e30}: org/gradle/api/internal/artifacts/dsl/dependencies/DefaultDependencyHandlerCustomizer> (0x0000000088f88e30) 
thrown [s\src\hotspot\share\classfile\systemDictionary.cpp, line 312]
Event: 7.240 Thread 0x000002bdf634de80 Exception <a 'java/lang/ClassNotFoundException'{0x0000000088fd2150}: org/gradle/api/internal/artifacts/dsl/dependencies/DefaultDependencyHandler_DecoratedCustomizer> (0x0000000088fd2150) 
thrown [s\src\hotspot\share\classfile\systemDictionary.cpp, line 312]
Event: 7.261 Thread 0x000002bdf634de80 Exception <a 'java/lang/NoSuchMethodError'{0x0000000088d85b98}: 'int java.lang.invoke.DirectMethodHandle$Holder.invokeSpecialIFC(java.lang.Object, java.lang.Object, java.lang.Object, java.lang.Object, java.lang.Object)'> (0x0000000088d85b98) 
thrown [s\src\hotspot\share\interpreter\linkResolver.cpp, line 784]
Event: 7.368 Thread 0x000002bdf634de80 Exception <a 'java/lang/NoSuchMethodError'{0x0000000087d70bb8}: 'java.lang.Object java.lang.invoke.DirectMethodHandle$Holder.newInvokeSpecial(java.lang.Object, java.lang.Object, java.lang.Object, java.lang.Object, java.lang.Object, java.lang.Object, java.lang.Object, java.lang.Object, java.lang.Object, java.lang.Object, java.lang.Object, java.lang.Object, java.lang.Object, java.lang.Object)'> (0x0000000087d70bb8) 
thrown [s\src\hotspot\share\interpreter\linkResolver.cpp, line 784]
Event: 7.474 Thread 0x000002bdf634de80 Exception <a 'java/lang/NoSuchMethodError'{0x0000000091946558}: 'void java.lang.invoke.Invokers$Holder.invokeExact_MT(java.lang.Object, java.lang.Object, java.lang.Object, java.lang.Object)'> (0x0000000091946558) 
thrown [s\src\hotspot\share\interpreter\linkResolver.cpp, line 784]

ZGC Phase Switch (0 events):
No events

VM Operations (20 events):
Event: 6.300 Executing VM operation: G1PauseCleanup
Event: 6.300 Executing VM operation: G1PauseCleanup done
Event: 6.593 Executing VM operation: G1CollectForAllocation (G1 Evacuation Pause)
Event: 6.595 Executing VM operation: G1CollectForAllocation (G1 Evacuation Pause) done
Event: 6.851 Executing VM operation: HandshakeAllThreads (Deoptimize)
Event: 6.851 Executing VM operation: HandshakeAllThreads (Deoptimize) done
Event: 6.947 Executing VM operation: ICBufferFull
Event: 6.947 Executing VM operation: ICBufferFull done
Event: 6.994 Executing VM operation: G1CollectForAllocation (G1 Evacuation Pause)
Event: 6.997 Executing VM operation: G1CollectForAllocation (G1 Evacuation Pause) done
Event: 7.187 Executing VM operation: G1CollectForAllocation (G1 Evacuation Pause)
Event: 7.190 Executing VM operation: G1CollectForAllocation (G1 Evacuation Pause) done
Event: 7.218 Executing VM operation: G1PauseRemark
Event: 7.221 Executing VM operation: G1PauseRemark done
Event: 7.230 Executing VM operation: G1PauseCleanup
Event: 7.231 Executing VM operation: G1PauseCleanup done
Event: 7.340 Executing VM operation: HandshakeAllThreads (Deoptimize)
Event: 7.340 Executing VM operation: HandshakeAllThreads (Deoptimize) done
Event: 7.434 Executing VM operation: G1CollectForAllocation (G1 Evacuation Pause)
Event: 7.436 Executing VM operation: G1CollectForAllocation (G1 Evacuation Pause) done

Memory protections (0 events):
No events

Nmethod flushes (20 events):
Event: 7.220 Thread 0x000002bdef9684c0 flushing  nmethod 0x000002bde2299310
Event: 7.220 Thread 0x000002bdef9684c0 flushing  nmethod 0x000002bde2625c90
Event: 7.220 Thread 0x000002bdef9684c0 flushing  nmethod 0x000002bde274d790
Event: 7.220 Thread 0x000002bdef9684c0 flushing  nmethod 0x000002bdda6f0790
Event: 7.220 Thread 0x000002bdef9684c0 flushing  nmethod 0x000002bddab9e710
Event: 7.220 Thread 0x000002bdef9684c0 flushing  nmethod 0x000002bddadc4610
Event: 7.220 Thread 0x000002bdef9684c0 flushing  nmethod 0x000002bddb1ce710
Event: 7.220 Thread 0x000002bdef9684c0 flushing  nmethod 0x000002bde22a1690
Event: 7.220 Thread 0x000002bdef9684c0 flushing  nmethod 0x000002bde22a3e90
Event: 7.220 Thread 0x000002bdef9684c0 flushing  nmethod 0x000002bde23e7a10
Event: 7.220 Thread 0x000002bdef9684c0 flushing  nmethod 0x000002bde2519690
Event: 7.220 Thread 0x000002bdef9684c0 flushing  nmethod 0x000002bde2521110
Event: 7.220 Thread 0x000002bdef9684c0 flushing  nmethod 0x000002bde2727e90
Event: 7.220 Thread 0x000002bdef9684c0 flushing  nmethod 0x000002bde272e010
Event: 7.220 Thread 0x000002bdef9684c0 flushing  nmethod 0x000002bddaa97010
Event: 7.220 Thread 0x000002bdef9684c0 flushing  nmethod 0x000002bddac48190
Event: 7.220 Thread 0x000002bdef9684c0 flushing  nmethod 0x000002bddaf8fc90
Event: 7.220 Thread 0x000002bdef9684c0 flushing  nmethod 0x000002bde2442710
Event: 7.220 Thread 0x000002bdef9684c0 flushing  nmethod 0x000002bddabe8910
Event: 7.220 Thread 0x000002bdef9684c0 flushing  nmethod 0x000002bddabea690

Events (20 events):
Event: 5.050 Thread 0x000002bdf634de80 Thread added: 0x000002bdfafd79a0
Event: 5.050 Thread 0x000002bdf634de80 Thread added: 0x000002bdfafd93e0
Event: 5.050 Thread 0x000002bdf634de80 Thread added: 0x000002bdfafd4bb0
Event: 5.050 Thread 0x000002bdf634de80 Thread added: 0x000002bdfafd8030
Event: 5.050 Thread 0x000002bdf634de80 Thread added: 0x000002bdfafd9a70
Event: 5.051 Thread 0x000002bdf634de80 Thread added: 0x000002bdfafda100
Event: 5.051 Thread 0x000002bdf634de80 Thread added: 0x000002bdfafd4520
Event: 5.199 Thread 0x000002bdefa0c8e0 Thread added: 0x000002bdfafec6a0
Event: 5.394 Thread 0x000002bdf634de80 Thread added: 0x000002bdfafdae20
Event: 5.407 Thread 0x000002bdf634de80 Thread added: 0x000002bdf583ee20
Event: 5.684 Thread 0x000002bdfafec6a0 Thread exited: 0x000002bdfafec6a0
Event: 5.684 Thread 0x000002bdfafee8b0 Thread exited: 0x000002bdfafee8b0
Event: 5.887 Thread 0x000002bdf634de80 Thread added: 0x000002bdf583e790
Event: 5.990 Thread 0x000002bdfafecd70 Thread exited: 0x000002bdfafecd70
Event: 6.143 Thread 0x000002bdf634de80 Thread added: 0x000002bdf583b9a0
Event: 6.235 Thread 0x000002bdefa07820 Thread added: 0x000002bdfafecd70
Event: 6.270 Thread 0x000002bdefbb7bf0 Thread added: 0x000002bdfafeef80
Event: 6.994 Thread 0x000002bdf634de80 Thread added: 0x000002bdf583c030
Event: 7.083 Thread 0x000002bdf634de80 Thread added: 0x000002bdf583cd50
Event: 7.214 Thread 0x000002bdefa0c8e0 Thread added: 0x000002bdfa6071b0


Dynamic libraries:
0x00007ff7cada0000 - 0x00007ff7cadaa000 	D:\Program Files\Android\Android Studio2\jbr\bin\java.exe
0x00007fffe0b30000 - 0x00007fffe0d28000 	C:\Windows\SYSTEM32\ntdll.dll
0x00007fffdfa90000 - 0x00007fffdfb52000 	C:\Windows\System32\KERNEL32.DLL
0x00007fffde5e0000 - 0x00007fffde8df000 	C:\Windows\System32\KERNELBASE.dll
0x00007fffde4e0000 - 0x00007fffde5e0000 	C:\Windows\System32\ucrtbase.dll
0x00007fffc7580000 - 0x00007fffc759b000 	D:\Program Files\Android\Android Studio2\jbr\bin\VCRUNTIME140.dll
0x00007fffbb9c0000 - 0x00007fffbb9d8000 	D:\Program Files\Android\Android Studio2\jbr\bin\jli.dll
0x00007fffdf0f0000 - 0x00007fffdf28d000 	C:\Windows\System32\USER32.dll
0x00007fffde1c0000 - 0x00007fffde1e2000 	C:\Windows\System32\win32u.dll
0x00007fffcd2a0000 - 0x00007fffcd53a000 	C:\Windows\WinSxS\amd64_microsoft.windows.common-controls_6595b64144ccf1df_6.0.19041.4355_none_60b8b9eb71f62e16\COMCTL32.dll
0x00007fffdf890000 - 0x00007fffdf8bb000 	C:\Windows\System32\GDI32.dll
0x00007fffdfe60000 - 0x00007fffdfefe000 	C:\Windows\System32\msvcrt.dll
0x00007fffde1f0000 - 0x00007fffde307000 	C:\Windows\System32\gdi32full.dll
0x00007fffdea70000 - 0x00007fffdeb0d000 	C:\Windows\System32\msvcp_win.dll
0x00007fffdf730000 - 0x00007fffdf75f000 	C:\Windows\System32\IMM32.DLL
0x00007fffd8cb0000 - 0x00007fffd8cbc000 	D:\Program Files\Android\Android Studio2\jbr\bin\vcruntime140_1.dll
0x00007fffaa810000 - 0x00007fffaa89d000 	D:\Program Files\Android\Android Studio2\jbr\bin\msvcp140.dll
0x00007fff85a40000 - 0x00007fff866cb000 	D:\Program Files\Android\Android Studio2\jbr\bin\server\jvm.dll
0x00007fffdf970000 - 0x00007fffdfa21000 	C:\Windows\System32\ADVAPI32.dll
0x00007fffdf8c0000 - 0x00007fffdf95f000 	C:\Windows\System32\sechost.dll
0x00007fffdeb40000 - 0x00007fffdec63000 	C:\Windows\System32\RPCRT4.dll
0x00007fffdeb10000 - 0x00007fffdeb37000 	C:\Windows\System32\bcrypt.dll
0x00007fffdfd20000 - 0x00007fffdfd8b000 	C:\Windows\System32\WS2_32.dll
0x00007fffdd750000 - 0x00007fffdd79b000 	C:\Windows\SYSTEM32\POWRPROF.dll
0x00007fffd4250000 - 0x00007fffd4277000 	C:\Windows\SYSTEM32\WINMM.dll
0x00007fffd86c0000 - 0x00007fffd86ca000 	C:\Windows\SYSTEM32\VERSION.dll
0x00007fffdd5c0000 - 0x00007fffdd5d2000 	C:\Windows\SYSTEM32\UMPDC.dll
0x00007fffdc060000 - 0x00007fffdc072000 	C:\Windows\SYSTEM32\kernel.appcore.dll
0x00007fffd8c80000 - 0x00007fffd8c8a000 	D:\Program Files\Android\Android Studio2\jbr\bin\jimage.dll
0x00007fffd7070000 - 0x00007fffd7254000 	C:\Windows\SYSTEM32\DBGHELP.DLL
0x00007fffaebb0000 - 0x00007fffaebe4000 	C:\Windows\SYSTEM32\dbgcore.DLL
0x00007fffde8e0000 - 0x00007fffde962000 	C:\Windows\System32\bcryptPrimitives.dll
0x00007fffbb870000 - 0x00007fffbb87e000 	D:\Program Files\Android\Android Studio2\jbr\bin\instrument.dll
0x00007fffc7470000 - 0x00007fffc7490000 	D:\Program Files\Android\Android Studio2\jbr\bin\java.dll
0x00007fffc33a0000 - 0x00007fffc33b8000 	D:\Program Files\Android\Android Studio2\jbr\bin\zip.dll
0x00007fffe0250000 - 0x00007fffe09be000 	C:\Windows\System32\SHELL32.dll
0x00007fffdc260000 - 0x00007fffdca04000 	C:\Windows\SYSTEM32\windows.storage.dll
0x00007fffdf3d0000 - 0x00007fffdf725000 	C:\Windows\System32\combase.dll
0x00007fffddbf0000 - 0x00007fffddc1f000 	C:\Windows\SYSTEM32\Wldp.dll
0x00007fffdfd90000 - 0x00007fffdfe5d000 	C:\Windows\System32\OLEAUT32.dll
0x00007fffdf7e0000 - 0x00007fffdf88d000 	C:\Windows\System32\SHCORE.dll
0x00007fffe09c0000 - 0x00007fffe0a15000 	C:\Windows\System32\shlwapi.dll
0x00007fffde0f0000 - 0x00007fffde114000 	C:\Windows\SYSTEM32\profapi.dll
0x00007fffd8030000 - 0x00007fffd8040000 	D:\Program Files\Android\Android Studio2\jbr\bin\net.dll
0x00007fffda8f0000 - 0x00007fffda9fd000 	C:\Windows\SYSTEM32\WINHTTP.dll
0x00007fffdd950000 - 0x00007fffdd9ba000 	C:\Windows\system32\mswsock.dll
0x00007fffc14c0000 - 0x00007fffc14d6000 	D:\Program Files\Android\Android Studio2\jbr\bin\nio.dll
0x00007fffc5ef0000 - 0x00007fffc5f00000 	D:\Program Files\Android\Android Studio2\jbr\bin\verify.dll
0x00007fffbaa80000 - 0x00007fffbaaa7000 	C:\Users\agoon\.gradle\native\c067742578af261105cb4f569cf0c3c89f3d7b1fecec35dd04571415982c5e48\windows-amd64\native-platform.dll
0x00007fff88b50000 - 0x00007fff88c94000 	C:\Users\agoon\.gradle\native\100fb08df4bc3b14c8652ba06237920a3bd2aa13389f12d3474272988ae205f9\windows-amd64\native-platform-file-events.dll
0x00007fffd16d0000 - 0x00007fffd16d9000 	D:\Program Files\Android\Android Studio2\jbr\bin\management.dll
0x00007fffc74a0000 - 0x00007fffc74ab000 	D:\Program Files\Android\Android Studio2\jbr\bin\management_ext.dll
0x00007fffdf3c0000 - 0x00007fffdf3c8000 	C:\Windows\System32\PSAPI.DLL
0x00007fffddb50000 - 0x00007fffddb68000 	C:\Windows\SYSTEM32\CRYPTSP.dll
0x00007fffdd200000 - 0x00007fffdd234000 	C:\Windows\system32\rsaenh.dll
0x00007fffde0b0000 - 0x00007fffde0de000 	C:\Windows\SYSTEM32\USERENV.dll
0x00007fffddb40000 - 0x00007fffddb4c000 	C:\Windows\SYSTEM32\CRYPTBASE.dll
0x00007fffdd5e0000 - 0x00007fffdd61b000 	C:\Windows\SYSTEM32\IPHLPAPI.DLL
0x00007fffdfb60000 - 0x00007fffdfb68000 	C:\Windows\System32\NSI.dll
0x00007fffd7cf0000 - 0x00007fffd7cf9000 	D:\Program Files\Android\Android Studio2\jbr\bin\extnet.dll
0x00007fffc08e0000 - 0x00007fffc08e7000 	C:\Windows\system32\wshunix.dll
0x00007fffdd620000 - 0x00007fffdd6ea000 	C:\Windows\SYSTEM32\DNSAPI.dll
0x00007fffd8960000 - 0x00007fffd896a000 	C:\Windows\System32\rasadhlp.dll
0x00007fffd8640000 - 0x00007fffd86c0000 	C:\Windows\System32\fwpuclnt.dll

dbghelp: loaded successfully - version: 4.0.5 - missing functions: none
symbol engine: initialized successfully - sym options: 0x614 - pdb path: .;D:\Program Files\Android\Android Studio2\jbr\bin;C:\Windows\SYSTEM32;C:\Windows\WinSxS\amd64_microsoft.windows.common-controls_6595b64144ccf1df_6.0.19041.4355_none_60b8b9eb71f62e16;D:\Program Files\Android\Android Studio2\jbr\bin\server;C:\Users\agoon\.gradle\native\c067742578af261105cb4f569cf0c3c89f3d7b1fecec35dd04571415982c5e48\windows-amd64;C:\Users\agoon\.gradle\native\100fb08df4bc3b14c8652ba06237920a3bd2aa13389f12d3474272988ae205f9\windows-amd64

VM Arguments:
jvm_args: --add-opens=java.base/java.lang=ALL-UNNAMED --add-opens=java.base/java.lang.invoke=ALL-UNNAMED --add-opens=java.base/java.util=ALL-UNNAMED --add-opens=java.prefs/java.util.prefs=ALL-UNNAMED --add-exports=jdk.compiler/com.sun.tools.javac.api=ALL-UNNAMED --add-exports=jdk.compiler/com.sun.tools.javac.util=ALL-UNNAMED --add-opens=java.base/java.util=ALL-UNNAMED --add-opens=java.prefs/java.util.prefs=ALL-UNNAMED --add-opens=java.base/java.nio.charset=ALL-UNNAMED --add-opens=java.base/java.net=ALL-UNNAMED --add-opens=java.base/java.util.concurrent.atomic=ALL-UNNAMED --add-opens=java.xml/javax.xml.namespace=ALL-UNNAMED -Xmx2048m -Dfile.encoding=UTF-8 -Duser.country=ES -Duser.language=es -Duser.variant -javaagent:C:\Users\agoon\.gradle\wrapper\dists\gradle-8.11.1-bin\bpt9gzteqjrbo1mjrsomdt32c\gradle-8.11.1\lib\agents\gradle-instrumentation-agent-8.11.1.jar 
java_command: org.gradle.launcher.daemon.bootstrap.GradleDaemon 8.11.1
java_class_path (initial): C:\Users\agoon\.gradle\wrapper\dists\gradle-8.11.1-bin\bpt9gzteqjrbo1mjrsomdt32c\gradle-8.11.1\lib\gradle-daemon-main-8.11.1.jar
Launcher Type: SUN_STANDARD

[Global flags]
     intx CICompilerCount                          = 12                                        {product} {ergonomic}
     uint ConcGCThreads                            = 3                                         {product} {ergonomic}
     uint G1ConcRefinementThreads                  = 13                                        {product} {ergonomic}
   size_t G1HeapRegionSize                         = 1048576                                   {product} {ergonomic}
    uintx GCDrainStackTargetSize                   = 64                                        {product} {ergonomic}
   size_t InitialHeapSize                          = 536870912                                 {product} {ergonomic}
   size_t MarkStackSize                            = 4194304                                   {product} {ergonomic}
   size_t MaxHeapSize                              = 2147483648                                {product} {command line}
   size_t MaxNewSize                               = 1287651328                                {product} {ergonomic}
   size_t MinHeapDeltaBytes                        = 1048576                                   {product} {ergonomic}
   size_t MinHeapSize                              = 8388608                                   {product} {ergonomic}
    uintx NonNMethodCodeHeapSize                   = 7602480                                {pd product} {ergonomic}
    uintx NonProfiledCodeHeapSize                  = 122027880                              {pd product} {ergonomic}
    uintx ProfiledCodeHeapSize                     = 122027880                              {pd product} {ergonomic}
    uintx ReservedCodeCacheSize                    = 251658240                              {pd product} {ergonomic}
     bool SegmentedCodeCache                       = true                                      {product} {ergonomic}
   size_t SoftMaxHeapSize                          = 2147483648                             {manageable} {ergonomic}
     bool UseCompressedOops                        = true                           {product lp64_product} {ergonomic}
     bool UseG1GC                                  = true                                      {product} {ergonomic}
     bool UseLargePagesIndividualAllocation        = false                                  {pd product} {ergonomic}

Logging:
Log output configuration:
 #0: stdout all=warning uptime,level,tags foldmultilines=false
 #1: stderr all=off uptime,level,tags foldmultilines=false

Environment Variables:
JAVA_HOME=C:\Program Files\Java\jdk-21
PATH=C:\msys64\ucrt64\bin\;c:\Users\agoon\AppData\Local\Programs\cursor\resources\app\bin;C:\Program Files (x86)\Razer Chroma SDK\bin;C:\Program Files\Razer Chroma SDK\bin;C:\Program Files (x86)\Razer\ChromaBroadcast\bin;C:\Program Files\Razer\ChromaBroadcast\bin;C:\Python310\Scripts\;C:\Python310\;C:\Program Files\AdoptOpenJDK\jdk-17.0.2\bin;C:\Program Files (x86)\Common Files\Oracle\Java\javapath;C:\Python39\Scripts\;C:\Python39\;C:\Windows\system32;C:\Windows;C:\Windows\System32\Wbem;C:\Windows\System32\WindowsPowerShell\v1.0\;C:\Windows\System32\OpenSSH\;C:\ProgramData\chocolatey\bin;C:\Users\agoon\AppData\Roaming\Google\AndroidStudio4.1\plugins\Kotlin\kotlinc\bin;C:\Users\agoon\AppData\Local\Temp\OTMDD_2021-02-26-10-54-49-240\JRE64\bin;C:\Program Files\apache-maven-3.8.1\bin;C:\Program Files\jooby-cli\bin;C:\Program Files (x86)\Calibre2\;C:\Program Files\nodejs\;C:\Users\agoon\A;C:\Program Files (x86)\NVIDIA Corporation\PhysX\Common;C:\Program Files\dotnet\;C:\Program Files\NVIDIA Corporation\NVIDIA app\NvDLISR;C:\msys64\ucrt64\bin\;C:\Program Files\MySQL\MySQL Shell 8.0\bin\;C:\Users\agoon\AppData\Local\Microsoft\WindowsApps;C:\Users\agoon\AppData\Local\Programs\Microsoft VS Code\bin;C:\Program Files\heroku\bin;C:\Program Files\JetBrains\IntelliJ IDEA Community Edition 2021.1.2\bin;C:\Users\agoon\AppData\Roaming\npm;C:\Users\agoon\AppData\Local\GitHubDesktop\bin;C:\Users\agoon\.fly\bin;C:\Users\agoon\.dotnet\tools;C:\Program Files\JetBrains\IntelliJ IDEA 2023.3.1\bin;;d:\Program Files\JetBrains\RustRover 2024.1\bin;;D:\Users\agoon\AppData\Local\Programs\Windsurf\bin
USERNAME=agoon
OS=Windows_NT
PROCESSOR_IDENTIFIER=AMD64 Family 25 Model 33 Stepping 0, AuthenticAMD
TMP=C:\Users\agoon\AppData\Local\Temp
TEMP=C:\Users\agoon\AppData\Local\Temp




Periodic native trim disabled

JNI global refs:
JNI global refs: 37, weak refs: 0

JNI global refs memory usage: 835, weak refs: 833

Process memory usage:
Resident Set Size: 488256K (1% of 33463832K total physical memory with 7389336K free physical memory)

OOME stack traces (most recent first):
Classloader memory used:
Loader org.gradle.internal.classloader.VisitableURLClassLoader                         : 34007K
Loader bootstrap                                                                       : 30834K
Loader org.gradle.internal.classloader.VisitableURLClassLoader$InstrumentingVisitableURLClassLoader: 16560K
Loader org.gradle.initialization.MixInLegacyTypesClassLoader                           : 11864K
Loader jdk.internal.loader.ClassLoaders$PlatformClassLoader                            : 840K
Loader jdk.internal.loader.ClassLoaders$AppClassLoader                                 : 234K
Loader org.gradle.groovy.scripts.internal.DefaultScriptCompilationHandler$ScriptClassLoader: 126K
Loader jdk.internal.reflect.DelegatingClassLoader                                      : 104K
Loader org.codehaus.groovy.runtime.callsite.CallSiteClassLoader                        : 13296B

Classes loaded by more than one classloader:
Class com.google.common.base.PairwiseEquivalence                                      : loaded 2 times (x 79B)
Class com.google.common.base.Equivalence$Identity                                     : loaded 2 times (x 78B)
Class com.google.common.collect.RegularImmutableMap$KeySet                            : loaded 2 times (x 146B)
Class org.gradle.internal.classloader.FilteringClassLoader                            : loaded 2 times (x 101B)
Class [Lcom.google.common.base.AbstractIterator$State;                                : loaded 2 times (x 65B)
Class com.google.common.base.CharMatcher$IsEither                                     : loaded 2 times (x 107B)
Class org.gradle.internal.classloader.ClassLoaderHierarchy                            : loaded 2 times (x 66B)
Class com.google.common.collect.ImmutableEnumSet                                      : loaded 2 times (x 142B)
Class com.google.common.util.concurrent.ExecutionError                                : loaded 2 times (x 78B)
Class com.google.common.collect.ImmutableList$1                                       : loaded 2 times (x 93B)
Class org.gradle.api.internal.classpath.ManifestUtil                                  : loaded 2 times (x 67B)
Class com.google.common.collect.RegularImmutableMap                                   : loaded 2 times (x 117B)
Class com.google.common.collect.ImmutableMap$MapViewOfValuesAsSingletonSets           : loaded 2 times (x 121B)
Class [Lorg.objectweb.asm.Symbol;                                                     : loaded 2 times (x 65B)
Class org.objectweb.asm.ClassVisitor                                                  : loaded 2 times (x 84B)
Class com.google.common.collect.UnmodifiableListIterator                              : loaded 2 times (x 91B)
Class com.google.common.base.Platform$JdkPatternCompiler                              : loaded 2 times (x 71B)
Class org.objectweb.asm.MethodTooLargeException                                       : loaded 2 times (x 79B)
Class [Lcom.google.common.cache.CacheBuilder$OneWeigher;                              : loaded 2 times (x 65B)
Class com.google.common.base.Suppliers                                                : loaded 2 times (x 67B)
Class org.gradle.internal.classloader.DefaultClassLoaderFactory                       : loaded 2 times (x 78B)
Class com.google.common.base.CharMatcher$None                                         : loaded 2 times (x 108B)
Class org.gradle.internal.classloader.ClassLoaderVisitor                              : loaded 2 times (x 72B)
Class [Lcom.google.common.collect.ImmutableMapEntry;                                  : loaded 2 times (x 65B)
Class org.gradle.api.internal.classpath.EffectiveClassPath                            : loaded 2 times (x 86B)
Class com.google.common.collect.ImmutableEnumMap                                      : loaded 2 times (x 121B)
Class com.google.common.collect.ListMultimap                                          : loaded 2 times (x 66B)
Class com.google.common.collect.Sets$1                                                : loaded 2 times (x 135B)
Class org.objectweb.asm.AnnotationVisitor                                             : loaded 2 times (x 74B)
Class com.google.common.base.Splitter                                                 : loaded 2 times (x 68B)
Class org.gradle.api.internal.DefaultClassPathProvider                                : loaded 2 times (x 72B)
Class com.google.common.collect.Sets$2                                                : loaded 2 times (x 135B)
Class [Lorg.gradle.api.internal.ClassPathProvider;                                    : loaded 2 times (x 65B)
Class org.gradle.api.internal.ClassPathProvider                                       : loaded 2 times (x 66B)
Class [Lorg.objectweb.asm.AnnotationVisitor;                                          : loaded 2 times (x 65B)
Class com.google.common.collect.Sets$3                                                : loaded 2 times (x 135B)
Class com.google.common.util.concurrent.AbstractFuture$SafeAtomicHelper               : loaded 2 times (x 75B)
Class com.google.common.cache.LocalCache$LocalLoadingCache                            : loaded 2 times (x 130B)
Class com.google.common.base.AbstractIterator$State                                   : loaded 2 times (x 75B)
Class org.gradle.internal.service.UnknownServiceException                             : loaded 2 times (x 79B)
Class com.google.common.collect.Sets$4                                                : loaded 2 times (x 135B)
Class org.objectweb.asm.ModuleVisitor                                                 : loaded 2 times (x 77B)
Class com.google.common.cache.LocalCache$Strength$1                                   : loaded 2 times (x 77B)
Class com.google.common.util.concurrent.SettableFuture                                : loaded 2 times (x 110B)
Class com.google.common.cache.LocalCache$Strength$2                                   : loaded 2 times (x 77B)
Class com.google.common.cache.LocalCache$Strength$3                                   : loaded 2 times (x 77B)
Class com.google.common.collect.MapDifference                                         : loaded 2 times (x 66B)
Class com.google.common.base.Splitter$1                                               : loaded 2 times (x 73B)
Class org.objectweb.asm.FieldWriter                                                   : loaded 2 times (x 74B)
Class com.google.common.cache.CacheBuilder$NullListener                               : loaded 2 times (x 78B)
Class org.gradle.internal.classpath.TransformedClassPath                              : loaded 2 times (x 92B)
Class org.gradle.internal.classloader.InstrumentingClassLoader                        : loaded 2 times (x 66B)
Class com.google.common.cache.CacheLoader$FunctionToCacheLoader                       : loaded 2 times (x 71B)
Class com.google.common.collect.Iterators$ArrayItr                                    : loaded 2 times (x 93B)
Class com.google.common.collect.ImmutableCollection$Builder                           : loaded 2 times (x 72B)
Class com.google.common.base.Joiner                                                   : loaded 2 times (x 75B)
Class com.google.common.base.MoreObjects                                              : loaded 2 times (x 67B)
Class [Lorg.objectweb.asm.Type;                                                       : loaded 2 times (x 65B)
Class com.google.common.collect.Platform                                              : loaded 2 times (x 67B)
Class com.google.common.collect.UnmodifiableIterator                                  : loaded 2 times (x 76B)
Class org.gradle.internal.service.ServiceLocator                                      : loaded 2 times (x 66B)
Class com.google.common.base.Ascii                                                    : loaded 2 times (x 67B)
Class com.google.common.collect.SingletonImmutableBiMap                               : loaded 2 times (x 139B)
Class com.google.common.cache.LocalCache$1                                            : loaded 2 times (x 85B)
Class com.google.common.collect.AbstractMapEntry                                      : loaded 2 times (x 77B)
Class com.google.common.collect.ImmutableList$Builder                                 : loaded 2 times (x 73B)
Class com.google.common.cache.LocalCache$2                                            : loaded 2 times (x 138B)
Class com.google.common.collect.AbstractMultimap                                      : loaded 2 times (x 119B)
Class com.google.common.util.concurrent.AbstractFuture$UnsafeAtomicHelper$1           : loaded 2 times (x 72B)
Class com.google.common.collect.RegularImmutableAsList                                : loaded 2 times (x 212B)
Class com.google.common.util.concurrent.AbstractFuture$Trusted                        : loaded 2 times (x 66B)
Class com.google.common.collect.Iterators                                             : loaded 2 times (x 67B)
Class com.google.common.base.CharMatcher$RangesMatcher                                : loaded 2 times (x 108B)
Class com.google.common.util.concurrent.UncheckedExecutionException                   : loaded 2 times (x 78B)
Class com.google.common.collect.Lists$StringAsImmutableList                           : loaded 2 times (x 203B)
Class com.google.common.base.CharMatcher$JavaLetterOrDigit                            : loaded 2 times (x 107B)
Class org.gradle.internal.InternalTransformer                                         : loaded 2 times (x 66B)
Class org.objectweb.asm.ClassWriter                                                   : loaded 2 times (x 102B)
Class com.google.common.cache.CacheLoader$UnsupportedLoadingOperationException        : loaded 2 times (x 78B)
Class com.google.common.base.CharMatcher$And                                          : loaded 2 times (x 108B)
Class org.gradle.internal.classloader.ClasspathUtil$1                                 : loaded 2 times (x 72B)
Class org.objectweb.asm.FieldVisitor                                                  : loaded 2 times (x 73B)
Class com.google.common.collect.IndexedImmutableSet                                   : loaded 2 times (x 146B)
Class com.google.common.collect.ImmutableMap$1                                        : loaded 2 times (x 77B)
Class com.google.common.collect.BiMap                                                 : loaded 2 times (x 66B)
Class org.gradle.api.internal.classpath.DefaultModuleRegistry$DefaultModule           : loaded 2 times (x 82B)
Class com.google.common.primitives.Ints                                               : loaded 2 times (x 67B)
Class com.google.common.collect.AbstractIterator                                      : loaded 2 times (x 78B)
Class com.google.common.math.MathPreconditions                                        : loaded 2 times (x 67B)
Class com.google.common.collect.Multiset                                              : loaded 2 times (x 66B)
Class com.google.common.collect.ArrayListMultimapGwtSerializationDependencies         : loaded 2 times (x 168B)
Class com.google.common.collect.ObjectArrays                                          : loaded 2 times (x 67B)
Class com.google.common.collect.AbstractIndexedListIterator                           : loaded 2 times (x 92B)
Class settings_293xdt4yl3oyw4wnkb9ha1zj                                               : loaded 2 times (x 175B)
Class com.google.common.collect.ImmutableMapEntrySet                                  : loaded 2 times (x 147B)
Class org.gradle.api.internal.classpath.Module                                        : loaded 2 times (x 66B)
Class com.google.common.cache.Weigher                                                 : loaded 2 times (x 66B)
Class org.gradle.api.internal.classpath.UnknownModuleException                        : loaded 2 times (x 78B)
Class com.google.common.base.Stopwatch                                                : loaded 2 times (x 68B)
Class com.google.common.cache.LocalCache$Strength                                     : loaded 2 times (x 77B)
Class com.google.common.cache.Cache                                                   : loaded 2 times (x 66B)
Class com.google.common.util.concurrent.AbstractFuture$Cancellation                   : loaded 2 times (x 68B)
Class com.google.common.collect.ImmutableMap$Builder                                  : loaded 2 times (x 78B)
Class com.google.common.base.NullnessCasts                                            : loaded 2 times (x 67B)
Class com.google.common.cache.RemovalListener                                         : loaded 2 times (x 66B)
Class settings_293xdt4yl3oyw4wnkb9ha1zj$_run_closure1                                 : loaded 2 times (x 135B)
Class org.gradle.api.internal.DefaultClassPathRegistry                                : loaded 2 times (x 72B)
Class com.google.common.primitives.IntsMethodsForWeb                                  : loaded 2 times (x 67B)
Class com.google.common.collect.Multimap                                              : loaded 2 times (x 66B)
Class org.gradle.api.internal.ClassPathRegistry                                       : loaded 2 times (x 66B)
Class org.gradle.internal.classpath.DefaultClassPath$ImmutableUniqueList              : loaded 2 times (x 195B)
Class com.google.common.cache.CacheBuilder                                            : loaded 2 times (x 68B)
Class com.google.common.collect.SingletonImmutableList                                : loaded 2 times (x 203B)
Class org.gradle.internal.classpath.ClassPath                                         : loaded 2 times (x 66B)
Class org.gradle.api.UncheckedIOException                                             : loaded 2 times (x 78B)
Class com.google.common.collect.ImmutableList$ReverseImmutableList                    : loaded 2 times (x 204B)
Class com.google.common.base.JdkPattern                                               : loaded 2 times (x 71B)
Class org.objectweb.asm.SymbolTable$Entry                                             : loaded 2 times (x 70B)
Class com.google.common.util.concurrent.AbstractFuture$AtomicHelper                   : loaded 2 times (x 74B)
Class org.objectweb.asm.Edge                                                          : loaded 2 times (x 68B)
Class com.google.common.base.Suppliers$SupplierOfInstance                             : loaded 2 times (x 75B)
Class com.google.common.collect.Iterators$1                                           : loaded 2 times (x 77B)
Class settings_293xdt4yl3oyw4wnkb9ha1zj$_run_closure1$_closure2                       : loaded 2 times (x 135B)
Class com.google.common.cache.LocalCache$ComputingValueReference                      : loaded 2 times (x 92B)
Class com.google.common.collect.SingletonImmutableSet                                 : loaded 2 times (x 142B)
Class com.google.common.collect.ImmutableMap$IteratorBasedImmutableMap                : loaded 2 times (x 121B)
Class com.google.common.cache.LocalCache$Segment                                      : loaded 2 times (x 150B)
Class [Lorg.objectweb.asm.SymbolTable$Entry;                                          : loaded 2 times (x 65B)
Class com.google.common.cache.CacheLoader                                             : loaded 2 times (x 70B)
Class com.google.common.collect.Iterators$4                                           : loaded 2 times (x 78B)
Class com.google.common.collect.ImmutableBiMap                                        : loaded 2 times (x 139B)
Class com.google.common.collect.AbstractListMultimap                                  : loaded 2 times (x 168B)
Class org.gradle.internal.installation.GradleInstallation$1                           : loaded 2 times (x 71B)
Class org.gradle.api.internal.classpath.ModuleRegistry                                : loaded 2 times (x 66B)
Class com.google.common.util.concurrent.internal.InternalFutureFailureAccess          : loaded 2 times (x 68B)
Class com.google.common.collect.Iterators$5                                           : loaded 2 times (x 78B)
Class com.google.common.collect.ImmutableSet$JdkBackedSetBuilderImpl                  : loaded 2 times (x 72B)
Class com.google.common.base.Splitter$SplittingIterator                               : loaded 2 times (x 80B)
Class com.google.common.util.concurrent.AbstractFuture$UnsafeAtomicHelper             : loaded 2 times (x 74B)
Class com.google.common.cache.LocalCache$LocalManualCache$1                           : loaded 2 times (x 71B)
Class com.google.common.base.CharMatcher$ForPredicate                                 : loaded 2 times (x 108B)
Class com.google.common.collect.ImmutableCollection                                   : loaded 2 times (x 121B)
Class com.google.common.base.CharMatcher$AnyOf                                        : loaded 2 times (x 108B)
Class org.gradle.api.internal.classpath.DefaultModuleRegistry                         : loaded 2 times (x 82B)
Class com.google.common.util.concurrent.ListenableFuture                              : loaded 2 times (x 66B)
Class com.google.common.cache.ReferenceEntry                                          : loaded 2 times (x 66B)
Class com.google.common.collect.ImmutableSet$CachingAsList                            : loaded 2 times (x 143B)
Class com.google.common.base.Converter                                                : loaded 2 times (x 86B)
Class com.google.common.collect.Lists                                                 : loaded 2 times (x 67B)
Class com.google.common.base.CharMatcher$Any                                          : loaded 2 times (x 108B)
Class com.google.common.util.concurrent.AbstractFuture                                : loaded 2 times (x 102B)
Class com.google.common.base.FunctionalEquivalence                                    : loaded 2 times (x 79B)
Class com.google.common.collect.Iterators$9                                           : loaded 2 times (x 77B)
Class com.google.common.collect.AbstractMapBasedMultimap                              : loaded 2 times (x 135B)
Class com.google.common.collect.ImmutableAsList                                       : loaded 2 times (x 205B)
Class org.objectweb.asm.RecordComponentVisitor                                        : loaded 2 times (x 73B)
Class com.google.common.cache.CacheLoader$SupplierToCacheLoader                       : loaded 2 times (x 71B)
Class com.google.common.collect.Maps$EntryTransformer                                 : loaded 2 times (x 66B)
Class org.gradle.internal.service.ServiceLookupException                              : loaded 2 times (x 78B)
Class [Lcom.google.common.cache.LocalCache$EntryFactory;                              : loaded 2 times (x 65B)
Class com.google.common.base.CharMatcher$JavaLetter                                   : loaded 2 times (x 107B)
Class org.gradle.internal.classloader.ClassLoaderFactory                              : loaded 2 times (x 66B)
Class com.google.common.cache.LocalCache$LocalManualCache                             : loaded 2 times (x 95B)
Class com.google.common.base.CharMatcher$IsNot                                        : loaded 2 times (x 107B)
Class com.google.common.base.CommonPattern                                            : loaded 2 times (x 70B)
Class org.gradle.internal.service.CachingServiceLocator                               : loaded 2 times (x 78B)
Class com.google.common.math.IntMath                                                  : loaded 2 times (x 67B)
Class com.google.common.collect.Iterators$10                                          : loaded 2 times (x 77B)
Class com.google.common.collect.ImmutableMapEntry                                     : loaded 2 times (x 81B)
Class com.google.common.base.CharMatcher$JavaDigit                                    : loaded 2 times (x 107B)
Class com.google.common.base.Equivalence                                              : loaded 2 times (x 78B)
Class com.google.common.collect.ImmutableMapEntry$NonTerminalImmutableMapEntry        : loaded 2 times (x 81B)
Class com.google.common.base.Function                                                 : loaded 2 times (x 66B)
Class com.google.common.cache.CacheBuilder$OneWeigher                                 : loaded 2 times (x 78B)
Class com.google.common.collect.RegularImmutableList                                  : loaded 2 times (x 208B)
Class com.google.common.collect.ImmutableBiMapFauxverideShim                          : loaded 2 times (x 116B)
Class org.gradle.internal.classloader.ClasspathUtil                                   : loaded 2 times (x 67B)
Class com.google.common.base.Charsets                                                 : loaded 2 times (x 67B)
Class com.google.common.util.concurrent.Uninterruptibles                              : loaded 2 times (x 67B)
Class com.google.common.collect.Maps                                                  : loaded 2 times (x 67B)
Class com.google.common.base.CharMatcher$JavaUpperCase                                : loaded 2 times (x 107B)
Class org.gradle.api.specs.Spec                                                       : loaded 2 times (x 66B)
Class [Lcom.google.common.collect.ImmutableEntry;                                     : loaded 2 times (x 65B)
Class com.google.common.cache.LocalCache$LoadingValueReference                        : loaded 2 times (x 92B)
Class com.google.common.base.Platform                                                 : loaded 2 times (x 67B)
Class [Lorg.objectweb.asm.AnnotationWriter;                                           : loaded 2 times (x 65B)
Class com.google.common.primitives.Ints$IntConverter                                  : loaded 2 times (x 86B)
Class com.google.common.collect.Maps$8                                                : loaded 2 times (x 78B)
Class com.google.common.collect.Sets$SetView                                          : loaded 2 times (x 134B)
Class com.google.common.cache.LocalCache$StrongValueReference                         : loaded 2 times (x 86B)
Class com.google.common.util.concurrent.AbstractFuture$SynchronizedHelper             : loaded 2 times (x 74B)
Class com.google.common.base.CharMatcher$Invisible                                    : loaded 2 times (x 108B)
Class org.objectweb.asm.Type                                                          : loaded 2 times (x 68B)
Class org.gradle.internal.classloader.VisitableURLClassLoader$InstrumentingVisitableURLClassLoader: loaded 2 times (x 119B)
Class org.objectweb.asm.ByteVector                                                    : loaded 2 times (x 75B)
Class [Lcom.google.common.cache.CacheBuilder$NullListener;                            : loaded 2 times (x 65B)
Class com.google.common.math.IntMath$1                                                : loaded 2 times (x 67B)
Class org.gradle.internal.classloader.VisitableURLClassLoader$Spec                    : loaded 2 times (x 70B)
Class org.gradle.internal.classpath.DefaultClassPath                                  : loaded 2 times (x 86B)
Class org.objectweb.asm.Symbol                                                        : loaded 2 times (x 69B)
Class com.google.common.base.AbstractIterator                                         : loaded 2 times (x 76B)
Class build_1ub0l2rm3tr8nhhyjxo3fayg4                                                 : loaded 2 times (x 176B)
Class com.google.common.collect.RegularImmutableMap$Values                            : loaded 2 times (x 203B)
Class com.google.common.collect.ImmutableSet                                          : loaded 2 times (x 141B)
Class com.google.common.base.CharMatcher$BitSetMatcher                                : loaded 2 times (x 108B)
Class com.google.common.base.CharMatcher$Ascii                                        : loaded 2 times (x 108B)
Class org.gradle.internal.classloader.ClassLoaderSpec                                 : loaded 2 times (x 67B)
Class org.objectweb.asm.AnnotationWriter                                              : loaded 2 times (x 75B)
Class com.google.common.cache.CacheStats                                              : loaded 2 times (x 67B)
Class org.objectweb.asm.RecordComponentWriter                                         : loaded 2 times (x 74B)
Class com.google.common.util.concurrent.AbstractFuture$Listener                       : loaded 2 times (x 68B)
Class com.google.common.base.CharMatcher$Or                                           : loaded 2 times (x 108B)
Class org.objectweb.asm.Attribute                                                     : loaded 2 times (x 73B)
Class com.google.common.base.Supplier                                                 : loaded 2 times (x 66B)
Class org.gradle.internal.classloader.VisitableURLClassLoader                         : loaded 2 times (x 113B)
Class com.google.common.util.concurrent.AbstractFuture$Waiter                         : loaded 2 times (x 68B)
Class org.gradle.internal.Cast                                                        : loaded 2 times (x 67B)
Class org.gradle.api.Action                                                           : loaded 2 times (x 66B)
Class com.google.common.base.Strings                                                  : loaded 2 times (x 67B)
Class com.google.common.collect.Sets                                                  : loaded 2 times (x 67B)
Class org.objectweb.asm.Handler                                                       : loaded 2 times (x 68B)
Class com.google.common.base.Ticker                                                   : loaded 2 times (x 68B)
Class com.google.common.base.CharMatcher$FastMatcher                                  : loaded 2 times (x 107B)
Class [Lcom.google.common.cache.LocalCache$Segment;                                   : loaded 2 times (x 65B)
Class [Lcom.google.common.cache.LocalCache$Strength;                                  : loaded 2 times (x 65B)
Class com.google.common.cache.CacheBuilder$1                                          : loaded 2 times (x 81B)
Class com.google.common.collect.ImmutableMap                                          : loaded 2 times (x 116B)
Class com.google.common.base.Predicate                                                : loaded 2 times (x 66B)
Class org.gradle.internal.classpath.DefaultClassPath$ImmutableUniqueList$Builder      : loaded 2 times (x 71B)
Class com.google.common.cache.LocalCache                                              : loaded 2 times (x 183B)
Class com.google.common.cache.CacheBuilder$2                                          : loaded 2 times (x 68B)
Class com.google.common.base.CharMatcher$NegatedFastMatcher                           : loaded 2 times (x 109B)
Class [Lcom.google.common.collect.AbstractMapEntry;                                   : loaded 2 times (x 65B)
Class com.google.common.collect.ImmutableEntry                                        : loaded 2 times (x 78B)
Class com.google.common.collect.ArrayListMultimap                                     : loaded 2 times (x 168B)
Class com.google.common.base.AbstractIterator$1                                       : loaded 2 times (x 67B)
Class com.google.common.base.CharMatcher$Digit                                        : loaded 2 times (x 108B)
Class org.gradle.api.GradleException                                                  : loaded 2 times (x 78B)
Class build_1ub0l2rm3tr8nhhyjxo3fayg4$_run_closure1                                   : loaded 2 times (x 135B)
Class com.google.common.collect.CollectPreconditions                                  : loaded 2 times (x 67B)
Class com.google.common.base.CharMatcher$JavaIsoControl                               : loaded 2 times (x 108B)
Class com.google.common.collect.SortedMapDifference                                   : loaded 2 times (x 66B)
Class com.google.common.base.CharMatcher$JavaLowerCase                                : loaded 2 times (x 107B)
Class com.google.common.cache.LocalCache$EntryFactory                                 : loaded 2 times (x 79B)
Class com.google.common.cache.LocalCache$AbstractReferenceEntry                       : loaded 2 times (x 103B)
Class com.google.common.base.Splitter$1$1                                             : loaded 2 times (x 82B)
Class com.google.common.base.CharMatcher$Whitespace                                   : loaded 2 times (x 108B)
Class org.gradle.internal.IoActions                                                   : loaded 2 times (x 67B)
Class org.objectweb.asm.SymbolTable                                                   : loaded 2 times (x 68B)
Class com.google.common.cache.CacheLoader$InvalidCacheLoadException                   : loaded 2 times (x 78B)
Class com.google.common.collect.ImmutableSet$RegularSetBuilderImpl                    : loaded 2 times (x 73B)
Class com.google.common.base.CharMatcher$SingleWidth                                  : loaded 2 times (x 108B)
Class org.gradle.internal.classloader.SystemClassLoaderSpec                           : loaded 2 times (x 67B)
Class com.google.common.cache.LocalCache$StrongEntry                                  : loaded 2 times (x 104B)
Class com.google.common.util.concurrent.AbstractFuture$TrustedFuture                  : loaded 2 times (x 110B)
Class com.google.common.cache.LoadingCache                                            : loaded 2 times (x 66B)
Class org.objectweb.asm.MethodWriter                                                  : loaded 2 times (x 102B)
Class [Lcom.google.common.cache.Weigher;                                              : loaded 2 times (x 65B)
Class com.google.common.collect.RegularImmutableMap$BucketOverflowException           : loaded 2 times (x 78B)
Class com.google.common.collect.RegularImmutableBiMap                                 : loaded 2 times (x 144B)
Class com.google.common.cache.LocalCache$ValueReference                               : loaded 2 times (x 66B)
Class com.google.common.base.CharMatcher$Negated                                      : loaded 2 times (x 109B)
Class com.google.common.base.CharMatcher$Is                                           : loaded 2 times (x 107B)
Class com.google.common.base.PatternCompiler                                          : loaded 2 times (x 66B)
Class com.google.common.util.concurrent.AbstractFuture$Failure                        : loaded 2 times (x 68B)
Class com.google.common.base.Equivalence$Equals                                       : loaded 2 times (x 78B)
Class com.google.common.collect.Hashing                                               : loaded 2 times (x 67B)
Class com.google.common.base.Preconditions                                            : loaded 2 times (x 67B)
Class com.google.common.base.Joiner$1                                                 : loaded 2 times (x 76B)
Class org.objectweb.asm.Label                                                         : loaded 2 times (x 69B)
Class org.objectweb.asm.CurrentFrame                                                  : loaded 2 times (x 69B)
Class org.objectweb.asm.ClassTooLargeException                                        : loaded 2 times (x 79B)
Class com.google.common.collect.PeekingIterator                                       : loaded 2 times (x 66B)
Class com.google.common.base.CharMatcher                                              : loaded 2 times (x 107B)
Class com.google.common.base.Joiner$2                                                 : loaded 2 times (x 75B)
Class org.objectweb.asm.Frame                                                         : loaded 2 times (x 69B)
Class org.objectweb.asm.MethodVisitor                                                 : loaded 2 times (x 101B)
Class com.google.common.cache.LocalCache$EntryFactory$1                               : loaded 2 times (x 79B)
Class [Lcom.google.common.cache.RemovalListener;                                      : loaded 2 times (x 65B)
Class com.google.common.base.CharMatcher$1                                            : loaded 2 times (x 109B)
Class com.google.common.base.CharMatcher$NamedFastMatcher                             : loaded 2 times (x 108B)
Class com.google.common.cache.LocalCache$EntryFactory$2                               : loaded 2 times (x 79B)
Class org.gradle.api.internal.classpath.GlobalCacheRootsProvider                      : loaded 2 times (x 66B)
Class org.objectweb.asm.ModuleWriter                                                  : loaded 2 times (x 78B)
Class com.google.common.cache.LocalCache$EntryFactory$3                               : loaded 2 times (x 79B)
Class com.google.common.base.Ticker$1                                                 : loaded 2 times (x 68B)
Class com.google.common.collect.ImmutableMapEntrySet$RegularEntrySet                  : loaded 2 times (x 147B)
Class com.google.common.collect.Maps$BiMapConverter                                   : loaded 2 times (x 86B)
Class com.google.common.cache.LocalCache$EntryFactory$4                               : loaded 2 times (x 79B)
Class com.google.common.collect.ImmutableSet$Builder                                  : loaded 2 times (x 81B)
Class com.google.common.base.CharMatcher$InRange                                      : loaded 2 times (x 107B)
Class com.google.common.cache.LocalCache$EntryFactory$5                               : loaded 2 times (x 79B)
Class com.google.common.cache.LocalCache$EntryFactory$6                               : loaded 2 times (x 79B)
Class org.gradle.internal.installation.CurrentGradleInstallationLocator               : loaded 2 times (x 67B)
Class com.google.common.cache.LocalCache$EntryFactory$7                               : loaded 2 times (x 79B)
Class com.google.common.collect.ImmutableSet$EmptySetBuilderImpl                      : loaded 2 times (x 72B)
Class com.google.common.collect.ImmutableList                                         : loaded 2 times (x 202B)
Class org.gradle.internal.service.DefaultServiceLocator                               : loaded 2 times (x 79B)
Class com.google.common.cache.LocalCache$EntryFactory$8                               : loaded 2 times (x 79B)
Class com.google.common.collect.ImmutableSet$SetBuilderImpl                           : loaded 2 times (x 72B)
Class org.gradle.internal.installation.CurrentGradleInstallation                      : loaded 2 times (x 69B)
Class com.google.common.cache.CacheLoader$1                                           : loaded 2 times (x 71B)
Class com.google.common.collect.ImmutableList$SubList                                 : loaded 2 times (x 204B)
Class org.gradle.util.internal.GUtil                                                  : loaded 2 times (x 67B)
Class com.google.common.util.concurrent.AbstractFuture$SetFuture                      : loaded 2 times (x 71B)
Class com.google.common.cache.AbstractCache$StatsCounter                              : loaded 2 times (x 66B)
Class com.google.common.collect.Iterators$MergingIterator                             : loaded 2 times (x 77B)
Class com.google.common.collect.RegularImmutableSet                                   : loaded 2 times (x 144B)
Class org.gradle.internal.installation.GradleInstallation                             : loaded 2 times (x 71B)
Class com.google.common.collect.Iterables                                             : loaded 2 times (x 67B)
Class com.google.common.base.Splitter$Strategy                                        : loaded 2 times (x 66B)

---------------  S Y S T E M  ---------------

OS:
 Windows 10 , 64 bit Build 19041 (10.0.19041.5198)
OS uptime: 0 days 2:07 hours

CPU: total 16 (initial active 16) (16 cores per cpu, 2 threads per core) family 25 model 33 stepping 0 microcode 0x0, cx8, cmov, fxsr, ht, mmx, 3dnowpref, sse, sse2, sse3, ssse3, sse4a, sse4.1, sse4.2, popcnt, lzcnt, tsc, tscinvbit, avx, avx2, aes, erms, clmul, bmi1, bmi2, adx, sha, fma, vzeroupper, clflush, clflushopt, rdtscp, rdpid, fsrm, f16c, pku, cet_ss
Processor Information for the first 16 processors :
  Max Mhz: 3801, Current Mhz: 3801, Mhz Limit: 3801

Memory: 4k page, system-wide physical 32679M (7202M free)
TotalPageFile size 32679M (AvailPageFile size 0M)
current process WorkingSet (physical memory assigned to process): 481M, peak: 481M
current process commit charge ("private bytes"): 533M, peak: 664M

vm_info: OpenJDK 64-Bit Server VM (21.0.6+-13355223-b631.42) for windows-amd64 JRE (21.0.6+-13355223-b631.42), built on 2025-04-14T18:21:23Z by "builder" with MS VC++ 16.10 / 16.11 (VS2019)

END.
